ssn,first_name,last_name,email,gender,address,income,birth_date
267-97-0060,Bradford,Mulvenna,bmulvenna0@comcast.net,Male,6762 Eliot Avenue,$180966.20,10/21/1974
233-23-0496,Lucia,Costard,lcostard1@macromedia.com,Female,974 Bonner Court,$153285.14,5/4/1983
717-16-1913,Tomi,Butler,tbutler2@dyndns.org,Female,02953 Mosinee Pass,$363385.16,8/10/1968
399-14-8005,Christiane,Tunnicliff,ctunnicliff3@jalbum.net,Female,14838 Bultman Hill,$130531.56,11/20/1962
755-04-6331,William,Smissen,wsmissen4@biglobe.ne.jp,Male,483 6th Plaza,$176567.84,11/15/1976
802-82-5667,Arte,Firsby,afirsby5@myspace.com,Male,758 Dapin Center,$346644.05,1/7/1943
615-78-5402,Ashley,Redemile,aredemile6@tripod.com,Male,554 Springs Place,$238508.98,9/24/1989
674-04-5649,Twyla,Markson,tmarkson7@shop-pro.jp,Female,9 Carberry Hill,$368727.04,3/22/1953
701-04-8401,Beaufort,Finnemore,bfinnemore8@plala.or.jp,Male,5103 Russell Lane,$127514.61,5/5/1971
118-50-1765,Patrizius,Pierse,ppierse9@eventbrite.com,Male,323 Arkansas Parkway,$143616.14,4/21/1992
320-85-0330,Nike,Tokley,ntokleya@jalbum.net,Female,74302 Sundown Street,$395863.65,3/16/1983
859-61-0306,Eunice,Diggle,ediggleb@cmu.edu,Female,49504 Dennis Park,$277630.38,2/12/1944
686-99-9552,Adan,Carleman,acarlemanc@seattletimes.com,Female,5331 Green Parkway,$339055.62,4/15/1974
532-62-3088,Tyrus,Irnis,tirnisd@princeton.edu,Male,0 Debra Way,$198293.86,3/8/1961
621-03-9018,Lilia,Caswill,lcaswille@hatena.ne.jp,Female,552 Shoshone Park,$81277.78,8/9/1940
472-40-8936,Ric,Lickorish,rlickorishf@cdbaby.com,Male,5 Steensland Avenue,$249927.92,11/18/1940
735-52-6775,Tyrone,Dabnot,tdabnotg@java.com,Male,59 Eagle Crest Street,$355597.45,3/15/1979
745-81-8605,Ellen,Boulden,ebouldenh@desdev.cn,Female,6591 Novick Crossing,$69616.49,9/18/1949
271-21-5034,Karlotta,Starrs,kstarrsi@businessweek.com,Female,95 Oak Valley Trail,$117371.61,6/30/1978
414-83-1162,Marcelo,de Courcey,mdecourceyj@pcworld.com,Male,4878 Jenna Road,$269648.22,7/4/1953
737-54-5725,Kennith,Dommersen,kdommersenk@woothemes.com,Male,81 Tennessee Crossing,$239458.34,4/27/1982
688-43-5774,Jilleen,Wallentin,jwallentinl@answers.com,Female,7 Rockefeller Park,$308772.42,5/12/1957
633-07-5459,Sibbie,Robertacci,srobertaccim@youtube.com,Female,61288 Loeprich Center,$200507.21,7/26/1956
175-88-5098,Ray,Baldick,rbaldickn@tripod.com,Male,955 Melvin Crossing,$267875.08,9/21/1941
885-88-6067,Rene,Lutwidge,rlutwidgeo@state.tx.us,Male,76 Center Junction,$290877.76,11/1/1957
668-65-3022,Krista,Szymaniak,kszymaniakp@epa.gov,Female,84872 Basil Center,$101564.24,1/7/1985
169-94-4194,Vivyan,Mansion,vmansionq@sun.com,Female,11 Jenifer Avenue,$8316.29,5/18/1968
781-48-1417,Ramsey,Sherwood,rsherwoodr@google.com.br,Male,220 Green Ridge Alley,$331385.54,7/20/1968
182-79-6268,Yettie,Mourant,ymourants@stanford.edu,Female,17802 Lerdahl Street,$80592.17,1/26/1980
673-20-8260,Dov,Dilon,ddilont@reverbnation.com,Male,54482 Carpenter Trail,$315833.81,1/14/1963
227-08-9195,Ulrica,Pepon,upeponu@wikia.com,Female,59 Starling Plaza,$110938.97,12/29/1987
548-86-8029,Brucie,Whitecross,bwhitecrossv@liveinternet.ru,Male,8809 Lakeland Way,$81583.73,8/29/1974
898-05-3408,Isabelita,Anthill,ianthillw@usda.gov,Female,72158 Monterey Alley,$307116.40,12/29/1980
888-88-9849,Grayce,Varlow,gvarlowx@naver.com,Female,53689 Browning Pass,$169119.61,6/10/1964
870-46-5439,Olva,Dagnan,odagnany@ehow.com,Female,6 Amoth Place,$97034.09,8/25/1949
264-75-5042,Celinka,Brannan,cbrannanz@chron.com,Female,8 Hagan Circle,$288488.03,8/26/1990
495-11-4011,Valery,Scarman,vscarman10@techcrunch.com,Female,59449 Melvin Street,$74523.91,7/2/1968
337-43-5964,Ashla,Enser,aenser11@abc.net.au,Female,5451 Coleman Alley,$119878.19,5/15/1954
572-37-0530,Shaughn,Buckham,sbuckham12@livejournal.com,Male,32893 Kinsman Hill,$213072.88,5/11/1990
224-56-9163,Emyle,Gerrett,egerrett13@tumblr.com,Female,67390 Luster Trail,$294811.09,1/10/1984
660-28-5459,Juliann,Herculeson,jherculeson14@ibm.com,Female,5883 Kipling Drive,$153056.87,8/13/1972
140-52-7524,Ximenez,Southern,xsouthern15@theatlantic.com,Male,51066 Farragut Park,$352405.92,2/22/1961
576-29-1083,Palmer,Sodo,psodo16@desdev.cn,Male,290 Morrow Center,$164248.70,7/22/1991
626-29-7554,Anatollo,Donson,adonson17@icq.com,Male,1 Maryland Place,$213966.13,3/4/1990
391-39-8724,Persis,Dewsnap,pdewsnap18@wsj.com,Female,2670 Scofield Parkway,$375431.59,8/21/1974
657-77-0529,Armin,Cowap,acowap19@state.tx.us,Male,57960 Basil Plaza,$268904.96,6/4/1984
698-48-9163,Tedman,Ballston,tballston1a@biglobe.ne.jp,Male,92 Kensington Terrace,$217791.28,5/25/1980
442-82-3454,Robb,Sarrell,rsarrell1b@zimbio.com,Male,96455 Declaration Trail,$357221.38,4/25/1945
652-58-5425,Maressa,Reaveley,mreaveley1c@nba.com,Female,9565 Straubel Road,$11285.45,4/20/1985
315-17-6354,Dollie,Penella,dpenella1d@ucsd.edu,Female,9850 Comanche Parkway,$290381.49,2/1/1964
142-90-5194,Darby,Goullee,dgoullee1e@pinterest.com,Female,49899 Shopko Trail,$318925.26,11/2/1974
413-18-5196,Emmanuel,Mynett,emynett1f@amazon.de,Male,3 Pankratz Avenue,$122953.56,12/3/1967
603-96-1798,Abby,Dene,adene1g@bbb.org,Male,7 Summerview Hill,$289525.03,10/4/1954
190-23-6857,Genni,Labern,glabern1h@ucoz.com,Female,9296 Hansons Hill,$25528.42,5/3/1977
237-69-9303,Lucky,Humpherston,lhumpherston1i@google.com.hk,Female,1364 Service Point,$132708.88,11/29/1983
547-34-8827,Marty,Gittus,mgittus1j@vkontakte.ru,Female,3875 Bultman Junction,$266696.93,8/22/1940
272-25-8987,Devin,Shimman,dshimman1k@earthlink.net,Female,90079 Summerview Drive,$385200.90,2/3/1985
845-21-3378,Shirline,Mains,smains1l@nps.gov,Female,501 Mayer Hill,$6069.04,1/25/1954
172-19-8538,Gerianna,Weight,gweight1m@techcrunch.com,Female,3297 Shopko Junction,$313509.96,5/17/1948
114-21-7455,Xenos,Headington,xheadington1n@bigcartel.com,Male,4 Buena Vista Parkway,$254872.57,1/26/1947
737-72-8279,Joshua,Fairbrace,jfairbrace1o@freewebs.com,Male,9 Shopko Parkway,$209785.49,2/9/1979
164-52-6455,Glenda,Burtenshaw,gburtenshaw1p@usnews.com,Female,68690 Dwight Way,$116430.83,1/8/1982
566-92-0385,Noah,Collington,ncollington1q@hibu.com,Male,39371 Butternut Court,$152329.24,8/10/1985
285-85-8781,Clareta,Sadat,csadat1r@ibm.com,Female,50 Sugar Circle,$385902.97,7/16/1952
818-20-2325,Abraham,Stoddard,astoddard1s@multiply.com,Male,3632 Vidon Place,$345172.10,7/10/1976
281-28-7349,Francine,Winspurr,fwinspurr1t@geocities.com,Female,2498 Nancy Trail,$108909.59,6/2/1941
880-20-5376,Niki,Rapaport,nrapaport1u@army.mil,Female,10 Sachs Hill,$347176.40,11/22/1992
768-27-0096,Stormi,Eccles,seccles1v@t.co,Female,38 Novick Junction,$105986.89,1/8/1960
894-97-2753,Korrie,Fronek,kfronek1w@bravesites.com,Female,6029 Sherman Hill,$217930.54,7/21/1960
429-95-4168,Josee,Fellenor,jfellenor1x@google.pl,Female,58867 Quincy Point,$305648.35,6/9/1965
560-29-1135,Benny,Gladstone,bgladstone1y@nps.gov,Female,79123 Carey Junction,$221489.93,2/1/1977
687-43-6710,Gusti,Rushman,grushman1z@surveymonkey.com,Female,28400 South Terrace,$161438.84,9/15/1957
843-32-0580,Weider,Audley,waudley20@phoca.cz,Male,88 Del Sol Pass,$195829.11,10/3/1976
654-19-8008,Karlie,Waszkiewicz,kwaszkiewicz21@indiatimes.com,Female,6 Old Gate Circle,$91721.73,4/1/1948
440-01-7853,Stevie,Goundrill,sgoundrill22@sciencedirect.com,Male,3277 Orin Drive,$252407.53,8/17/1973
846-89-1913,Inge,Blatchford,iblatchford23@wikispaces.com,Female,641 Morning Alley,$243892.91,5/21/1951
672-74-0815,Lauralee,Eastham,leastham24@youku.com,Female,36702 Monterey Junction,$75657.28,2/13/1977
438-44-6760,Jocelyn,Klemensiewicz,jklemensiewicz25@biblegateway.com,Female,0 Crownhardt Lane,$332098.96,6/17/1966
161-12-9870,Guinevere,McNeil,gmcneil26@cocolog-nifty.com,Female,4 Melrose Center,$129191.96,11/28/1977
264-23-2392,Nathalie,Dalziel,ndalziel27@creativecommons.org,Female,44575 Lyons Court,$391615.88,5/4/1971
534-90-7663,Paulita,Haps,phaps28@nyu.edu,Female,4 Wayridge Circle,$244401.26,1/26/1957
276-53-2006,Jephthah,Davinet,jdavinet29@shop-pro.jp,Male,2 Butterfield Street,$165239.88,4/16/1940
494-62-5245,Charleen,Pimlock,cpimlock2a@1688.com,Female,9 Morningstar Pass,$229739.20,2/4/1978
745-14-6339,Valma,Basil,vbasil2b@ted.com,Female,975 Birchwood Court,$193248.22,8/4/1995
614-52-8072,Sydel,Rudkin,srudkin2c@seattletimes.com,Female,7585 Sugar Park,$351863.05,5/16/1996
296-50-0414,Francois,Sibery,fsibery2d@paypal.com,Male,4711 Dahle Alley,$201827.99,3/12/1985
811-40-1035,Cynthy,Bacon,cbacon2e@vinaora.com,Female,424 Daystar Park,$74188.39,12/2/1956
683-36-6180,Jonis,Walcot,jwalcot2f@mozilla.org,Female,13659 Everett Avenue,$300524.17,10/17/1972
866-17-4881,Lillis,O'Dennehy,lodennehy2g@noaa.gov,Female,22996 5th Point,$146113.98,7/23/1940
134-31-3869,Josias,Edmondson,jedmondson2h@vimeo.com,Male,29 Holy Cross Park,$64883.94,12/7/1951
735-63-6366,Kathryn,Georges,kgeorges2i@rediff.com,Female,5207 Forster Point,$257206.48,3/16/1969
208-43-7259,Nicolle,Philson,nphilson2j@nationalgeographic.com,Female,089 Boyd Alley,$364051.73,8/4/1964
301-91-6226,Yorgo,Cotesford,ycotesford2k@amazonaws.com,Male,96 Kings Circle,$209176.85,6/1/1944
198-77-6631,Carri,Mooreed,cmooreed2l@ed.gov,Female,44326 Scofield Plaza,$332495.81,9/3/1943
419-97-5139,Jamesy,Whight,jwhight2m@ycombinator.com,Male,98686 Corben Drive,$42255.41,2/3/1949
488-80-1713,Darleen,Malec,dmalec2n@cisco.com,Female,27559 Beilfuss Plaza,$283786.02,5/31/1945
186-41-9823,Marlene,MacGuffog,mmacguffog2o@is.gd,Female,26747 Sage Way,$93673.06,3/19/1979
552-38-6024,Waylen,Farmer,wfarmer2p@japanpost.jp,Male,51 Del Mar Alley,$127529.36,12/22/1941
118-13-9747,Shayna,McHugh,smchugh2q@hao123.com,Female,77010 Hagan Avenue,$311684.23,9/18/1971
101-12-6944,Lanie,Gainsboro,lgainsboro2r@who.int,Male,15 Buhler Trail,$6658.76,12/19/1940
775-57-8077,Ailyn,Fullard,afullard2s@msu.edu,Female,32 Erie Way,$234218.56,9/6/1958
626-08-1769,Ninette,Tully,ntully2t@abc.net.au,Female,8458 Bunting Street,$54640.40,3/4/1965
314-94-6943,Stefano,D'eathe,sdeathe2u@scribd.com,Male,48 Reindahl Avenue,$370127.99,8/11/1945
289-45-6667,Maggi,Fosh,mfosh2v@amazonaws.com,Female,849 Sage Crossing,$150152.70,8/15/1958
828-82-4927,Sarina,MacEveley,smaceveley2w@reddit.com,Female,12 Toban Crossing,$326367.44,11/18/1973
222-36-0061,Daile,De Luna,ddeluna2x@istockphoto.com,Female,5 Marquette Parkway,$121508.38,7/28/1975
354-07-0110,Caroline,Southey,csouthey2y@cloudflare.com,Female,5133 Stoughton Circle,$113183.91,1/6/1954
650-69-9274,Godart,Braams,gbraams2z@yandex.ru,Male,754 Fuller Plaza,$77830.43,1/31/1954
164-02-4236,Calida,Wickling,cwickling30@microsoft.com,Female,41804 Upham Alley,$339668.83,2/15/1993
490-38-0463,Cassandra,Pawson,cpawson31@phoca.cz,Female,532 Declaration Center,$376813.95,4/16/1962
470-05-4084,Shanta,Jecks,sjecks32@diigo.com,Female,878 Warner Avenue,$329521.57,6/18/1966
523-45-1834,Christabel,Danels,cdanels33@arstechnica.com,Female,5107 Union Terrace,$17280.41,3/31/1946
189-34-7959,Greggory,Josovitz,gjosovitz34@google.com.br,Male,67300 Judy Terrace,$62528.48,7/28/1979
404-90-9297,Amil,Ben,aben35@nhs.uk,Female,46 Paget Plaza,$2905.19,5/7/1998
757-39-7792,Kerrie,Coulbeck,kcoulbeck36@seesaa.net,Female,57515 Kinsman Pass,$182843.53,10/28/1951
253-77-7422,Ludvig,Searles,lsearles37@geocities.jp,Male,65220 Vermont Circle,$171398.23,5/19/1943
484-11-4677,Brant,Hutchison,bhutchison38@ezinearticles.com,Male,2 Briar Crest Trail,$21317.40,5/11/1978
227-35-1897,Theobald,McPaike,tmcpaike39@php.net,Male,34 Mariners Cove Circle,$341272.47,5/30/1961
657-38-2070,Lavena,Collis,lcollis3a@yahoo.com,Female,3 Pawling Lane,$33257.37,12/19/1990
422-76-2804,Gay,Haverty,ghaverty3b@squarespace.com,Female,0594 Kropf Circle,$2944.61,4/17/1958
593-17-0619,Ezequiel,Schlagh,eschlagh3c@bluehost.com,Male,519 Rieder Crossing,$47122.85,10/12/1973
648-13-4245,Berny,Arnely,barnely3d@simplemachines.org,Female,8 Forest Avenue,$212381.14,1/14/1984
529-31-0648,Lancelot,Simkins,lsimkins3e@pcworld.com,Male,64193 Bonner Avenue,$118068.03,12/8/1955
106-63-1835,Caspar,Letch,cletch3f@apache.org,Male,7531 Corscot Park,$6338.42,5/3/1949
257-28-0995,Sanford,Balaam,sbalaam3g@symantec.com,Male,65519 Myrtle Park,$389429.46,1/19/1947
301-80-8255,Rouvin,Francklin,rfrancklin3h@liveinternet.ru,Male,0 Waywood Point,$265643.57,4/30/1959
283-48-2275,Allyce,Ferrierio,aferrierio3i@statcounter.com,Female,5109 Mayfield Place,$216881.25,6/8/1986
769-88-7681,Olvan,Worling,oworling3j@google.co.jp,Male,18138 Brown Center,$140940.45,7/1/1961
575-46-5877,Ruperta,Cheltnam,rcheltnam3k@slashdot.org,Female,1462 Holy Cross Terrace,$49748.97,10/6/1974
566-58-1200,Meyer,Greedier,mgreedier3l@spotify.com,Male,97 Trailsway Road,$310580.58,2/6/1986
742-61-3953,Fanchon,Messum,fmessum3m@barnesandnoble.com,Female,46447 Corry Pass,$262061.70,6/30/1979
410-66-4390,Nikos,McBay,nmcbay3n@wp.com,Male,7503 Petterle Hill,$21154.53,10/19/1975
486-51-8184,Marrissa,Kempshall,mkempshall3o@vistaprint.com,Female,5135 Mcbride Point,$11261.46,8/2/1967
190-49-3818,Berny,Lindbergh,blindbergh3p@google.nl,Female,61585 1st Circle,$12739.01,6/22/1950
632-58-7844,Heriberto,Colkett,hcolkett3q@quantcast.com,Male,23061 Burrows Circle,$277693.90,6/8/1959
696-15-5312,Chiarra,Martinie,cmartinie3r@slashdot.org,Female,8584 Fallview Plaza,$50354.81,11/18/1962
508-63-2587,Dareen,Pepye,dpepye3s@shutterfly.com,Female,92 Hansons Road,$352068.65,5/11/1983
578-38-5897,Bard,Bertome,bbertome3t@youku.com,Male,661 Mallard Lane,$178750.07,8/15/1989
849-57-5781,Domenic,Acom,dacom3u@netvibes.com,Male,02 1st Terrace,$227339.28,2/24/1975
639-76-0596,Rozanna,Cossum,rcossum3v@engadget.com,Female,1 Katie Alley,$16388.25,4/27/1956
284-33-3067,Valenka,Easterling,veasterling3w@eepurl.com,Female,66 Bashford Point,$73088.46,5/1/1973
793-51-3379,Frasquito,Thamelt,fthamelt3x@blogger.com,Male,25114 Waywood Place,$389616.89,3/23/1981
866-76-7226,Brodie,Fears,bfears3y@example.com,Male,43641 West Way,$144192.46,6/25/1982
133-50-5864,Urbanus,Lamport,ulamport3z@vkontakte.ru,Male,71651 Myrtle Way,$243354.27,1/11/1960
769-52-0155,Gabbie,Richford,grichford40@pbs.org,Male,57380 Novick Terrace,$12430.80,11/11/1957
391-95-0730,Jervis,Colbourne,jcolbourne41@nba.com,Male,327 Schmedeman Trail,$214911.93,10/13/1995
820-88-7829,Leese,Tighe,ltighe42@live.com,Female,303 Golf View Court,$243583.06,3/26/1971
533-51-4087,Alexandra,Mullins,amullins43@ucoz.com,Female,8 Corscot Parkway,$187276.27,3/18/1941
587-69-6769,Andra,Ezele,aezele44@tuttocitta.it,Female,2937 Dennis Circle,$90765.40,3/4/1948
365-42-2043,Angy,Thorpe,athorpe45@vk.com,Female,9 Grasskamp Junction,$63754.38,9/29/1941
895-16-1512,Bertie,Vannet,bvannet46@psu.edu,Female,15584 Vermont Circle,$315028.21,11/12/1980
339-28-2530,Brock,Blindmann,bblindmann47@elegantthemes.com,Male,28 Burning Wood Plaza,$388106.71,6/7/1960
888-68-7731,Antonin,Winpenny,awinpenny48@reverbnation.com,Male,3 Elgar Parkway,$67040.43,12/10/1961
144-20-5623,Erny,Hindsberg,ehindsberg49@sogou.com,Male,68 Brown Circle,$34008.94,11/30/1958
564-08-9554,Kyle,Coronas,kcoronas4a@macromedia.com,Male,19643 Thompson Circle,$212125.91,2/24/1940
693-86-6996,Westbrook,Legging,wlegging4b@wordpress.com,Male,9171 Ridgeview Place,$399369.21,1/31/1954
692-91-1493,Wadsworth,Strut,wstrut4c@last.fm,Male,58 Crescent Oaks Point,$310705.65,8/21/1990
671-33-2709,Blair,Kulver,bkulver4d@ebay.co.uk,Male,6698 Dayton Pass,$391707.85,5/30/1957
370-12-9432,Jordana,Gammon,jgammon4e@zimbio.com,Female,21 Continental Place,$79539.78,4/22/1949
691-47-9315,Reade,Ryce,rryce4f@accuweather.com,Male,564 Mitchell Avenue,$32996.60,3/22/1961
226-05-2112,Noby,Masser,nmasser4g@cbsnews.com,Male,55 Golf Parkway,$246637.65,4/20/1963
721-84-3456,Tessa,Tampion,ttampion4h@sogou.com,Female,82 Elmside Park,$63512.32,5/22/1997
699-52-9248,Maude,Varnals,mvarnals4i@hp.com,Female,3 Pond Park,$180521.04,5/17/1980
177-09-6406,Dexter,Bruinsma,dbruinsma4j@msn.com,Male,41393 Birchwood Lane,$164361.27,1/4/1948
624-65-0392,Kiel,Roskelley,kroskelley4k@adobe.com,Male,4 Elmside Pass,$124650.76,2/19/1950
243-31-0569,Alix,Stedall,astedall4l@friendfeed.com,Male,42637 North Lane,$66549.65,9/24/1950
485-97-8460,Lynde,Farquhar,lfarquhar4m@ibm.com,Female,35 Onsgard Terrace,$134124.28,11/20/1950
355-69-0836,Tiertza,Woollends,twoollends4n@about.me,Female,5214 Lindbergh Hill,$2941.46,7/12/1974
328-20-9998,Arvie,Nalder,analder4o@uol.com.br,Male,25401 Mccormick Alley,$109622.95,8/20/1991
368-09-1808,Gene,Tanswell,gtanswell4p@csmonitor.com,Male,91513 Kinsman Plaza,$24853.15,2/3/1949
124-20-5427,Raul,Schops,rschops4q@skype.com,Male,6604 Hoepker Alley,$181643.36,8/13/1963
871-97-1096,Bernarr,Seward,bseward4r@51.la,Male,1 Jay Park,$82478.60,4/20/1953
350-86-0755,Cassie,Trustey,ctrustey4s@ucoz.ru,Female,40 Brentwood Hill,$83115.44,11/29/1947
873-96-6261,Abraham,Shrubsall,ashrubsall4t@vistaprint.com,Male,1 Sunbrook Center,$302189.76,9/23/1955
783-83-5449,Farris,Cork,fcork4u@ycombinator.com,Male,75196 Northwestern Road,$36508.62,5/21/1951
226-78-3900,Branden,Halsworth,bhalsworth4v@mozilla.org,Male,16536 6th Junction,$231871.34,9/25/1995
220-53-1122,Winslow,Paschek,wpaschek4w@usnews.com,Male,2 Blue Bill Park Alley,$229165.39,12/7/1983
793-74-9349,Jesse,Trimme,jtrimme4x@dailymotion.com,Male,5 Fisk Drive,$310188.14,11/24/1952
260-20-8762,Boyce,Apark,bapark4y@dot.gov,Male,4 Shoshone Hill,$272859.68,2/21/1950
848-52-3338,Barty,Utton,button4z@china.com.cn,Male,8 Basil Court,$95204.26,5/14/1991
168-58-3277,Raynell,Guisot,rguisot50@privacy.gov.au,Female,49 Portage Terrace,$375808.51,9/1/1992
731-45-4581,Harcourt,Acedo,hacedo51@businessweek.com,Male,3612 Morningstar Circle,$180366.89,11/7/1970
699-77-5112,Yettie,Mattimoe,ymattimoe52@hp.com,Female,6 Delladonna Trail,$253589.25,7/29/1995
347-40-8492,Bartlet,Hunting,bhunting53@forbes.com,Male,69927 North Road,$43811.52,7/11/1962
390-10-4034,Trude,Romera,tromera54@thetimes.co.uk,Female,131 Commercial Park,$290179.68,6/15/1961
693-22-1241,Gauthier,Dami,gdami55@sakura.ne.jp,Male,658 Toban Drive,$36089.66,12/28/1972
148-71-9066,Silvain,Overland,soverland56@vinaora.com,Male,651 Knutson Park,$264872.73,12/28/1979
223-32-4683,Amelina,Kinleyside,akinleyside57@dailymail.co.uk,Female,80 Fallview Lane,$96205.46,7/17/1967
450-21-5732,Phyllys,Halls,phalls58@ed.gov,Female,46569 1st Alley,$214053.81,2/28/1990
383-98-3896,Patrica,Lawtie,plawtie59@google.com,Female,2378 Algoma Center,$312842.89,7/13/1990
135-84-6451,Cordie,Cornu,ccornu5a@yellowpages.com,Male,62 Cambridge Lane,$286899.91,9/12/1969
440-22-8583,Tuckie,Bullivent,tbullivent5b@ftc.gov,Male,05686 Marcy Park,$369263.09,5/9/1948
600-40-7772,Ariel,Notti,anotti5c@github.com,Female,832 North Street,$212605.46,8/19/1949
756-75-0817,Marissa,Kopf,mkopf5d@example.com,Female,21425 Forster Lane,$182624.44,7/6/1942
218-94-1732,Doug,Plant,dplant5e@epa.gov,Male,6196 Welch Lane,$243068.92,6/5/1948
487-68-7885,Ethelbert,Parlour,eparlour5f@google.com.br,Male,58100 Grasskamp Street,$285769.26,11/1/1946
234-65-8244,Franklyn,Onyon,fonyon5g@imgur.com,Male,7735 Merrick Plaza,$79937.13,8/26/1971
473-47-3997,Eden,Corbitt,ecorbitt5h@cnbc.com,Female,311 Lotheville Lane,$130767.96,6/13/1946
800-99-7907,Karlis,Rushworth,krushworth5i@ihg.com,Male,07537 Mcbride Drive,$360030.88,4/21/1996
693-98-3523,Bastian,MacInnes,bmacinnes5j@constantcontact.com,Male,92 Eagle Crest Park,$328779.40,4/8/1940
601-88-6372,Hilde,Le Provost,hleprovost5k@intel.com,Female,26 Scoville Alley,$321023.62,6/21/1965
722-06-2680,Adan,Cannicott,acannicott5l@behance.net,Female,59487 Fairfield Hill,$224254.69,1/8/1954
813-89-7941,Kimmy,Bulle,kbulle5m@buzzfeed.com,Female,8 Grayhawk Park,$307149.22,11/11/1962
331-53-3855,Phillis,Fissenden,pfissenden5n@hugedomains.com,Female,16099 Larry Trail,$281880.66,2/26/1943
308-63-7236,Colleen,Wallington,cwallington5o@cbsnews.com,Female,5054 South Way,$245288.39,3/18/1951
598-75-1099,Drucill,Mechi,dmechi5p@sohu.com,Female,164 Pierstorff Pass,$19514.45,9/30/1957
566-29-0819,Alic,Brame,abrame5q@baidu.com,Male,6 Hazelcrest Plaza,$83379.12,2/26/1988
360-91-4889,Bartholemy,Di Matteo,bdimatteo5r@netlog.com,Male,7 Dexter Park,$136344.67,3/24/1985
312-46-7919,Micheil,Hulstrom,mhulstrom5s@mlb.com,Male,96365 Monica Point,$269007.98,7/9/1954
115-20-2754,Addi,Bardwell,abardwell5t@independent.co.uk,Female,05810 Hermina Avenue,$43864.60,12/22/1947
805-83-3785,Janessa,Isgate,jisgate5u@networkadvertising.org,Female,1834 8th Junction,$108585.64,4/22/1953
332-47-5462,Angelina,Powe,apowe5v@merriam-webster.com,Female,48388 8th Way,$145973.40,7/27/1996
212-45-8770,Leo,Giller,lgiller5w@toplist.cz,Male,1206 Tennyson Avenue,$240506.72,9/24/1995
820-24-2851,Aldis,Curthoys,acurthoys5x@cocolog-nifty.com,Male,8 Dennis Road,$215922.66,7/4/1948
598-89-6204,Nataline,Reeson,nreeson5y@booking.com,Female,45874 Vahlen Point,$384227.10,1/30/1982
880-08-3897,Mia,Stranaghan,mstranaghan5z@vistaprint.com,Female,20120 Russell Circle,$22547.76,12/28/1947
745-87-2506,Cassius,Kivlin,ckivlin60@163.com,Male,26765 Welch Circle,$241882.65,8/25/1964
514-18-5091,Christophorus,Broughton,cbroughton61@independent.co.uk,Male,439 Del Mar Parkway,$184443.51,1/10/1977
527-40-0864,Harmonie,Grayland,hgrayland62@blogger.com,Female,74 Mcguire Street,$236715.11,2/7/1994
149-29-4752,Sloane,Crowder,scrowder63@mashable.com,Male,830 Hoffman Plaza,$372278.40,3/25/1975
412-98-6514,Jocelin,Duffree,jduffree64@virginia.edu,Female,79 Susan Parkway,$105891.16,1/2/1981
307-21-2143,Thaddeus,Bunnell,tbunnell65@mediafire.com,Male,34 Rowland Parkway,$129573.11,9/16/1951
560-38-3023,Moshe,Lapslie,mlapslie66@prweb.com,Male,774 Muir Street,$2522.35,4/16/1946
860-69-2974,Mitchell,Wagen,mwagen67@zimbio.com,Male,419 Duke Crossing,$12265.43,12/5/1951
845-35-7063,Maud,Yoseloff,myoseloff68@merriam-webster.com,Female,07 Thompson Pass,$225102.39,8/9/1984
171-51-0835,Kathryne,Harroway,kharroway69@google.ru,Female,24 Trailsway Hill,$205995.92,12/9/1960
492-89-3355,Gard,Saberton,gsaberton6a@answers.com,Male,95325 Hazelcrest Junction,$323266.82,10/15/1973
786-67-4725,Lelah,Lomath,llomath6b@salon.com,Female,4 Division Hill,$133565.71,6/30/1967
634-78-0283,Virgina,Dampney,vdampney6c@ow.ly,Female,211 Lakeland Drive,$192792.20,8/16/1947
483-16-1781,Merola,Jeavons,mjeavons6d@google.fr,Female,6741 Fuller Crossing,$297391.56,3/2/1977
735-48-7769,Lonnie,Reasce,lreasce6e@fema.gov,Male,249 Kenwood Avenue,$270016.36,9/17/1956
866-63-6537,Hobey,Mylechreest,hmylechreest6f@google.cn,Male,78414 Emmet Terrace,$220974.79,5/28/1990
582-20-4314,Valdemar,Trulocke,vtrulocke6g@bizjournals.com,Male,0 Rieder Parkway,$107990.18,8/9/1946
317-25-0593,Shay,Liddle,sliddle6h@zdnet.com,Female,3 Bartillon Plaza,$370180.19,6/2/1962
630-59-7165,Jonis,Caudray,jcaudray6i@myspace.com,Female,0136 Grasskamp Circle,$136681.46,8/5/1957
755-41-2034,Belvia,Heathorn,bheathorn6j@yahoo.com,Female,78440 Schurz Court,$376046.51,8/14/1947
713-14-6431,Felicity,Skillings,fskillings6k@ifeng.com,Female,14808 Clarendon Hill,$4661.86,8/28/1994
402-03-8157,Mace,Rylatt,mrylatt6l@delicious.com,Male,6770 Dottie Avenue,$287014.48,10/2/1969
612-60-0642,Ingrim,Flude,iflude6m@nydailynews.com,Male,6 Hallows Place,$361322.70,11/15/1969
255-53-5261,Amargo,Tappington,atappington6n@theglobeandmail.com,Female,18800 Onsgard Drive,$64144.63,2/26/1956
296-95-3984,Emmalee,Ineson,eineson6o@1und1.de,Female,37251 Bartillon Place,$44645.29,6/23/1968
153-70-9339,Tom,Lamp,tlamp6p@earthlink.net,Male,514 Hazelcrest Hill,$242537.11,8/19/1956
278-52-5503,Lissie,Linne,llinne6q@netvibes.com,Female,9 Shelley Center,$170574.91,6/25/1966
217-14-9775,Juliette,Ainger,jainger6r@jugem.jp,Female,35 Fairview Hill,$375383.52,7/7/1986
587-29-4188,Margarete,Jackling,mjackling6s@biglobe.ne.jp,Female,7304 Hudson Avenue,$330046.68,11/7/1946
597-24-9599,Howey,Catlette,hcatlette6t@washington.edu,Male,6 Chinook Circle,$384998.28,8/30/1963
871-97-3525,Cirstoforo,Knolles-Green,cknollesgreen6u@economist.com,Male,638 Ryan Trail,$83979.88,10/16/1972
849-61-4936,Terri-jo,Shepeard,tshepeard6v@dailymotion.com,Female,5 Messerschmidt Avenue,$301977.71,1/16/1961
617-44-0966,Grannie,Gartshore,ggartshore6w@intel.com,Male,1333 Forest Park,$216773.83,12/2/1958
115-68-0857,Dulsea,Twycross,dtwycross6x@g.co,Female,35931 Johnson Junction,$393298.09,2/20/1977
158-81-9924,Tana,Truse,ttruse6y@1und1.de,Female,8 Chinook Street,$47981.43,4/27/1972
652-14-5069,Shina,Ferri,sferri6z@cam.ac.uk,Female,6115 Butternut Parkway,$113149.53,3/18/1955
607-63-7718,Priscella,Burleigh,pburleigh70@blogtalkradio.com,Female,753 Moland Parkway,$204366.80,2/10/1962
590-51-8910,Fleur,Borton,fborton71@cam.ac.uk,Female,7048 Heffernan Point,$133385.23,7/24/1965
644-52-6321,Bliss,Brideaux,bbrideaux72@un.org,Female,88683 Loomis Trail,$75781.14,5/14/1981
251-55-4609,Klarika,Paaso,kpaaso73@indiegogo.com,Female,319 Eggendart Hill,$190802.13,5/19/1944
585-37-0116,Johnnie,Scarborough,jscarborough74@scientificamerican.com,Male,17 Walton Park,$316541.15,10/1/1971
226-17-9540,Aeriela,Sulley,asulley75@forbes.com,Female,346 South Court,$15997.33,6/2/1980
728-70-1974,Freddie,Isenor,fisenor76@flickr.com,Male,2 Village Green Street,$100612.08,6/28/1997
442-83-3025,Emelina,Flaverty,eflaverty77@vistaprint.com,Female,8845 Jackson Hill,$331034.45,2/11/1952
862-57-4525,Averyl,Collinette,acollinette78@usnews.com,Female,0 Shelley Avenue,$166297.82,4/24/1943
705-32-0382,Briant,Clelle,bclelle79@nifty.com,Male,5622 Ilene Pass,$159505.10,3/13/1976
687-26-4436,Kristopher,Rolingson,krolingson7a@fc2.com,Male,8 Schiller Center,$98393.51,1/2/1963
758-67-8825,Butch,McLernon,bmclernon7b@epa.gov,Male,85076 Duke Road,$143018.31,4/25/1965
805-85-0726,Allan,MacLucais,amaclucais7c@telegraph.co.uk,Male,64836 Di Loreto Terrace,$250152.44,5/3/1981
860-65-5644,Emlyn,Wallentin,ewallentin7d@pinterest.com,Female,5473 Harper Circle,$386968.85,8/31/1942
123-58-8616,Katrina,Issacson,kissacson7e@exblog.jp,Female,86908 Eliot Point,$156958.27,2/15/1976
612-77-9360,Carson,Edwin,cedwin7f@sakura.ne.jp,Male,61 Oriole Park,$88975.02,4/28/1991
561-90-7292,Britney,Bedborough,bbedborough7g@bloglines.com,Female,39 Anniversary Center,$139613.38,12/13/1962
300-68-0218,Merry,Ahmad,mahmad7h@amazon.co.uk,Male,376 Farmco Pass,$382267.99,3/23/1992
818-64-5429,Cleve,Hedylstone,chedylstone7i@opera.com,Male,9 Pennsylvania Pass,$373565.85,9/27/1949
138-98-7810,Patience,Smaling,psmaling7j@privacy.gov.au,Female,5615 Holy Cross Way,$324167.98,9/24/1968
174-51-1405,Hogan,Geale,hgeale7k@army.mil,Male,43674 Jenifer Parkway,$320585.11,8/13/1970
304-80-4992,Nev,Pattingson,npattingson7l@constantcontact.com,Male,48871 Service Road,$50042.74,8/23/1980
619-45-3738,Joya,Fetherstonhaugh,jfetherstonhaugh7m@howstuffworks.com,Female,30 Sheridan Avenue,$335907.31,3/31/1966
366-59-8554,Gerrard,Yurchishin,gyurchishin7n@desdev.cn,Male,8531 Linden Court,$183352.92,7/23/1969
634-44-6159,Brock,Faier,bfaier7o@businessweek.com,Male,35 Haas Pass,$204754.31,12/10/1991
182-74-2396,Sisile,McGloin,smcgloin7p@chronoengine.com,Female,46159 Sommers Avenue,$60903.76,4/3/1984
881-89-9213,Alasdair,Mordon,amordon7q@dot.gov,Male,179 Ronald Regan Hill,$17048.40,8/31/1994
437-11-7684,Zackariah,Wolfe,zwolfe7r@latimes.com,Male,0513 Montana Junction,$326397.65,9/14/1974
704-26-3654,Ladonna,Kembry,lkembry7s@ed.gov,Female,476 Goodland Crossing,$276611.49,2/20/1970
828-85-0176,Minetta,Dalyiel,mdalyiel7t@google.co.jp,Female,2 International Park,$356963.36,8/31/1966
253-30-8043,Sasha,Storry,sstorry7u@engadget.com,Female,948 Miller Drive,$259449.80,12/3/1941
653-46-5123,Waite,Stride,wstride7v@privacy.gov.au,Male,56 Union Trail,$130678.15,4/19/1982
512-77-9862,Ulrica,Huckel,uhuckel7w@histats.com,Female,09392 Dapin Crossing,$344849.10,2/7/1950
547-51-9858,Adel,Vasilyevski,avasilyevski7x@fastcompany.com,Female,0399 Tomscot Circle,$134912.02,8/30/1954
358-54-3035,Suki,Mitchenson,smitchenson7y@tripod.com,Female,222 Southridge Junction,$78576.47,12/7/1960
830-28-7572,Wilbur,Jennins,wjennins7z@privacy.gov.au,Male,39237 Dorton Park,$386607.39,12/22/1970
228-63-6241,Dominic,Gowlett,dgowlett80@ovh.net,Male,8 Sugar Drive,$64590.97,12/14/1978
110-02-0789,Zebulen,Torrijos,ztorrijos81@elegantthemes.com,Male,4 Moulton Alley,$219307.30,5/5/1954
197-22-8666,Lin,Shawl,lshawl82@nationalgeographic.com,Male,1984 Debra Crossing,$176626.65,9/27/1993
571-23-5546,Abram,Seger,aseger83@go.com,Male,7817 Upham Point,$28991.09,6/10/1995
239-30-0471,Byrann,Fauning,bfauning84@yale.edu,Male,393 American Ash Parkway,$361498.83,6/13/1996
631-77-0833,Silvio,Mark,smark85@tinypic.com,Male,21187 Grayhawk Junction,$39389.59,5/15/1962
617-56-0492,Brandy,Mapholm,bmapholm86@youku.com,Male,190 Manufacturers Terrace,$165890.67,11/17/1996
526-09-9515,Darcy,Reville,dreville87@ted.com,Female,6772 Hazelcrest Parkway,$380169.58,3/19/1948
272-11-1788,Genevieve,Mandres,gmandres88@seesaa.net,Female,8 Duke Center,$151527.29,6/29/1998
337-14-0626,Munroe,MacAlpin,mmacalpin89@etsy.com,Male,20710 Blaine Trail,$170682.59,2/20/1987
633-99-5928,Amelia,Townes,atownes8a@bbc.co.uk,Female,5 Lakewood Drive,$34660.39,7/13/1993
542-58-2462,Arlinda,Elliott,aelliott8b@google.com.hk,Female,49 Talmadge Street,$143776.67,4/15/1945
718-94-2832,Nicolea,Pimblotte,npimblotte8c@biglobe.ne.jp,Female,1 Linden Court,$31685.88,11/16/1954
299-77-5540,Myrilla,Boome,mboome8d@yellowbook.com,Female,0 Golf View Lane,$358510.02,7/25/1990
222-11-9045,Jud,Leathes,jleathes8e@sourceforge.net,Male,23 Gulseth Court,$207902.01,2/6/1987
323-85-2920,Ekaterina,Kisting,ekisting8f@umich.edu,Female,40026 Butterfield Avenue,$362560.84,5/7/1993
280-93-6176,Benji,Bocken,bbocken8g@creativecommons.org,Male,38918 Algoma Center,$350913.70,10/5/1967
151-48-8128,Ynes,Cummings,ycummings8h@wired.com,Female,5092 Cody Avenue,$29400.66,5/21/1965
293-63-1203,Bel,Lethbury,blethbury8i@ox.ac.uk,Female,6859 Packers Point,$316561.36,4/4/1960
784-33-8348,Hobard,Naseby,hnaseby8j@msn.com,Male,3 Northfield Hill,$185139.78,8/26/1950
335-23-0642,Felic,Kemm,fkemm8k@walmart.com,Male,91191 Hagan Parkway,$28376.77,7/11/1952
572-53-1571,Antoinette,Blakely,ablakely8l@free.fr,Female,2 East Trail,$395660.75,7/17/1953
181-66-8430,Madelena,Cutress,mcutress8m@cnn.com,Female,7 Red Cloud Lane,$213970.19,5/29/1980
256-81-0157,Rudy,Joynes,rjoynes8n@so-net.ne.jp,Male,4 Maryland Court,$320656.20,1/11/1955
754-76-3793,Michaella,Byng,mbyng8o@free.fr,Female,78 Roth Drive,$50580.82,12/21/1952
335-38-8087,Ingra,Brightman,ibrightman8p@usda.gov,Male,389 Dapin Drive,$342673.09,10/28/1972
182-37-9852,Costa,Autry,cautry8q@xrea.com,Male,65333 Declaration Pass,$387274.12,8/4/1951
268-78-6467,Susana,Catto,scatto8r@tinypic.com,Female,8 Graceland Alley,$146891.81,3/7/1989
712-39-1688,Gonzales,Van der Son,gvanderson8s@chicagotribune.com,Male,825 Delladonna Junction,$396864.01,10/1/1964
752-01-7644,Gussy,Ashfield,gashfield8t@webeden.co.uk,Female,1008 Division Terrace,$94261.53,12/20/1961
191-22-1857,Cheston,Rossetti,crossetti8u@mapquest.com,Male,31 Browning Street,$63476.87,2/23/1940
660-64-7806,Stillman,Collumbine,scollumbine8v@wunderground.com,Male,84868 Esker Lane,$157820.93,8/21/1956
199-78-4668,Shaun,Klarzynski,sklarzynski8w@tuttocitta.it,Male,3085 Orin Junction,$26097.56,2/19/1990
521-49-1360,Ronica,Awcoate,rawcoate8x@blog.com,Female,11250 Prentice Center,$6727.58,7/12/1995
355-11-8870,Reinald,Yushkov,ryushkov8y@sfgate.com,Male,67 Novick Junction,$13179.26,4/20/1961
299-10-3731,Calhoun,Yantsurev,cyantsurev8z@wordpress.org,Male,41 Briar Crest Parkway,$243457.72,4/9/1946
679-94-0327,Phillipe,Elias,pelias90@prnewswire.com,Male,59058 Sachtjen Way,$270698.76,2/24/1982
693-11-1147,Northrop,Dake,ndake91@pagesperso-orange.fr,Male,2574 Lindbergh Lane,$46428.86,3/22/1979
352-97-7607,Padriac,Sutter,psutter92@chicagotribune.com,Male,35 Michigan Street,$291844.68,4/29/1953
800-04-7817,Cristal,Troubridge,ctroubridge93@economist.com,Female,9 Havey Hill,$362045.00,4/6/1944
446-05-2129,Freida,McDuffie,fmcduffie94@theguardian.com,Female,1 Miller Drive,$221505.13,10/6/1941
313-90-6182,Callie,Linford,clinford95@kickstarter.com,Female,48040 Fieldstone Trail,$60417.54,5/20/1987
720-34-4244,Magdalene,Stillman,mstillman96@rediff.com,Female,8 Sherman Alley,$328235.42,6/19/1956
877-46-4560,Devlen,Ferreira,dferreira97@privacy.gov.au,Male,7 Mendota Pass,$69622.62,6/9/1995
245-82-6833,Wolf,Willoughby,wwilloughby98@columbia.edu,Male,67 Harper Point,$203152.49,3/29/1990
494-08-1612,Lizette,Ruler,lruler99@blogs.com,Female,292 Ridgeview Hill,$391969.58,6/5/1992
180-28-3402,Rufe,Lamberti,rlamberti9a@phoca.cz,Male,6 Ludington Avenue,$334757.99,9/30/1945
813-76-7413,Rebekkah,Dottrell,rdottrell9b@ycombinator.com,Female,5357 Dryden Avenue,$292499.93,10/30/1974
509-47-2119,Merrielle,Elves,melves9c@msu.edu,Female,29 Linden Trail,$137139.18,4/3/1995
406-79-4514,Bail,Di Iorio,bdiiorio9d@example.com,Male,39622 North Avenue,$205317.32,11/27/1976
629-95-5455,Carny,Barensky,cbarensky9e@marketwatch.com,Male,4546 Lakewood Circle,$82766.90,11/17/1991
707-67-8418,Kaiser,O'Deoran,kodeoran9f@admin.ch,Male,9147 Towne Circle,$247367.41,12/26/1995
668-34-3661,Darlene,Cristofvao,dcristofvao9g@princeton.edu,Female,16 Montana Road,$71351.60,7/3/1991
279-97-6763,Crystal,Davidescu,cdavidescu9h@webeden.co.uk,Female,30408 Melody Place,$397454.93,7/29/1951
237-92-9193,Clive,Boscott,cboscott9i@ucoz.com,Male,79578 Oneill Center,$250067.62,7/4/1957
595-10-6022,Maddi,Hasely,mhasely9j@virginia.edu,Female,8487 Badeau Place,$140368.93,7/15/1949
236-27-9591,Madel,Ogelbe,mogelbe9k@ox.ac.uk,Female,01 Farwell Road,$166032.65,6/3/1990
259-67-5734,Lisle,Hosier,lhosier9l@sphinn.com,Male,7 Stang Crossing,$183075.51,5/25/1964
151-77-8876,Christabel,Willoughby,cwilloughby9m@sitemeter.com,Female,57881 Vahlen Crossing,$337027.62,3/7/1985
581-60-9858,Arline,Reisenstein,areisenstein9n@cafepress.com,Female,228 Starling Parkway,$355428.04,8/14/1948
826-19-8636,Elton,Ticic,eticic9o@nationalgeographic.com,Male,9671 Victoria Trail,$343836.54,6/1/1945
419-06-9186,Barnard,Filgate,bfilgate9p@si.edu,Male,98 Packers Court,$266895.82,1/23/1994
794-07-6325,Brockie,Chetwynd,bchetwynd9q@sogou.com,Male,094 Caliangt Junction,$172404.37,1/3/1998
665-03-0596,Claus,Lukock,clukock9r@newyorker.com,Male,3574 Independence Lane,$152660.34,10/12/1974
509-42-7162,Dillon,Whitter,dwhitter9s@bbc.co.uk,Male,568 Charing Cross Point,$276867.16,10/5/1956
730-75-4171,Heida,Woolward,hwoolward9t@elpais.com,Female,4 Packers Center,$336917.73,10/22/1941
821-84-2241,Reggie,Kyme,rkyme9u@cafepress.com,Male,365 Harper Road,$338926.29,4/23/1966
388-14-8680,Etan,Edmons,eedmons9v@utexas.edu,Male,9281 Lien Place,$284747.08,9/29/1986
441-66-6225,Lawton,Helm,lhelm9w@youtu.be,Male,60 Arkansas Hill,$321342.07,10/12/1960
140-47-6688,Jennee,Gowen,jgowen9x@sciencedirect.com,Female,90815 Warbler Court,$249965.84,8/11/1947
225-63-8659,Trumann,Faughey,tfaughey9y@cargocollective.com,Male,191 Manley Junction,$334564.03,2/27/1997
530-91-5728,Antonius,Lisciandri,alisciandri9z@example.com,Male,23535 Lien Junction,$51600.62,3/31/1981
167-49-9787,Jamie,Tanton,jtantona0@mapy.cz,Male,63523 Union Crossing,$315327.05,10/9/1965
710-22-6288,My,Ohlsen,mohlsena1@utexas.edu,Male,272 Birchwood Street,$168620.87,9/21/1984
259-97-7723,Hyacinthe,Drinkall,hdrinkalla2@nps.gov,Female,7099 Pond Plaza,$202383.19,3/11/1987
866-84-3192,Ellery,Kliemann,ekliemanna3@microsoft.com,Male,21915 Fuller Hill,$94392.90,3/24/1941
679-77-4894,Will,Winder,wwindera4@wikipedia.org,Male,47 Rutledge Center,$320711.82,4/5/1955
882-98-8568,Wilfrid,Potteridge,wpotteridgea5@si.edu,Male,36 Killdeer Pass,$15495.64,4/6/1951
898-01-6115,Stace,Timpany,stimpanya6@sakura.ne.jp,Female,5 Weeping Birch Plaza,$339713.68,4/24/1995
250-29-8834,Cybil,Robiou,crobioua7@bravesites.com,Female,0750 Welch Center,$64040.79,4/10/1954
547-83-4941,Rutledge,Bento,rbentoa8@spiegel.de,Male,267 Valley Edge Junction,$366143.15,12/24/1995
167-43-9116,Sibilla,Bricksey,sbrickseya9@forbes.com,Female,76 Golf Course Plaza,$42922.93,11/21/1969
572-55-9662,Syman,Atlay,satlayaa@usgs.gov,Male,17 Kings Junction,$171120.51,5/7/1942
463-84-6215,Roley,O'Connolly,roconnollyab@howstuffworks.com,Male,5056 Barnett Plaza,$204262.64,2/16/1962
119-22-4804,Lilyan,Younger,lyoungerac@ebay.com,Female,69749 Jenifer Point,$336837.13,3/30/1950
132-53-2271,Errol,Mac,emacad@wikimedia.org,Male,772 Holmberg Terrace,$188725.82,11/4/1945
369-56-8984,Marika,Cass,mcassae@usnews.com,Female,139 Londonderry Park,$28371.22,8/22/1987
587-53-6118,Heddie,Simounet,hsimounetaf@mail.ru,Female,32184 Namekagon Trail,$231077.65,10/30/1980
629-18-8660,Horten,Baptista,hbaptistaag@umich.edu,Male,862 Buhler Terrace,$78297.03,6/13/1941
897-09-9455,Margaux,Major,mmajorah@gov.uk,Female,71 Montana Point,$269472.02,10/27/1984
164-53-0101,Reinaldos,Wilhelmy,rwilhelmyai@spiegel.de,Male,377 Brentwood Terrace,$101852.46,7/20/1992
270-86-3849,Baily,Anstie,banstieaj@twitter.com,Male,5 Ilene Point,$23192.74,3/25/1988
894-42-6560,Clyve,Rudolph,crudolphak@biglobe.ne.jp,Male,079 Fallview Terrace,$379276.12,11/15/1971
479-53-5401,Johan,Edwardes,jedwardesal@alibaba.com,Male,697 Fairfield Center,$368625.12,2/8/1965
189-07-5914,Steven,Dymott,sdymottam@ed.gov,Male,2 Sachs Junction,$326263.61,12/11/1951
116-05-9775,Guss,Fosten,gfostenan@tripod.com,Male,30204 Bartelt Pass,$347111.78,3/23/1947
534-16-4870,Fawn,Itzkovici,fitzkoviciao@msn.com,Female,84421 La Follette Hill,$208315.77,4/27/1981
107-16-9899,Josias,Lusher,jlusherap@is.gd,Male,78 Kedzie Drive,$72217.68,11/5/1979
757-57-2865,Flory,Minguet,fminguetaq@abc.net.au,Male,068 Fisk Road,$163864.70,3/5/1946
301-04-3704,Herold,Roiz,hroizar@imgur.com,Male,110 Lillian Drive,$3750.95,12/17/1940
436-73-6283,Charlotte,Kincade,ckincadeas@histats.com,Female,945 Lukken Drive,$322451.61,10/9/1975
535-39-8172,Tully,Feasey,tfeaseyat@unicef.org,Male,8 Spohn Alley,$398759.68,10/16/1992
767-28-9827,Finley,Hugues,fhuguesau@mediafire.com,Male,09 Gale Center,$250521.23,10/20/1997
594-97-2317,Samuele,Blaik,sblaikav@auda.org.au,Male,1897 Cherokee Way,$267022.52,5/13/1953
730-48-5036,Brigitta,Phillipson,bphillipsonaw@tripod.com,Female,31504 5th Street,$252218.39,1/3/1997
435-03-1376,Roger,Brimilcombe,rbrimilcombeax@instagram.com,Male,3129 Autumn Leaf Street,$144356.25,6/28/1973
242-61-5032,Penrod,Dibble,pdibbleay@bloomberg.com,Male,2492 Annamark Parkway,$16784.24,12/12/1951
407-05-3027,Lyndy,Pickering,lpickeringaz@e-recht24.de,Female,6 Orin Avenue,$328037.30,9/24/1984
801-15-4472,Kathye,Glasard,kglasardb0@squarespace.com,Female,7789 Oneill Park,$185013.72,2/19/1971
836-04-2854,Teresita,Baukham,tbaukhamb1@netlog.com,Female,4773 Arizona Pass,$157190.19,10/6/1983
215-83-5613,Garrek,Heustice,gheusticeb2@vk.com,Male,2820 Artisan Drive,$169001.83,6/28/1951
334-57-1392,Denna,Climson,dclimsonb3@altervista.org,Female,08891 Sutteridge Court,$363323.31,6/25/1949
286-63-3560,Genevieve,Bracher,gbracherb4@eepurl.com,Female,5459 Ridgeview Plaza,$202877.62,3/18/1944
683-31-3400,Bordie,McAne,bmcaneb5@google.com.au,Male,2886 Hermina Crossing,$187998.53,2/2/1960
481-90-7560,Elfrieda,Championnet,echampionnetb6@odnoklassniki.ru,Female,98 Memorial Street,$134255.06,11/12/1958
739-93-3331,Caria,Escale,cescaleb7@earthlink.net,Female,87560 Monica Drive,$13487.20,4/7/1944
723-56-1357,Forrest,Sayse,fsayseb8@theguardian.com,Male,4 Pierstorff Lane,$92536.67,1/21/1942
231-07-7850,Gabriello,Downes,gdownesb9@home.pl,Male,8082 Superior Pass,$256461.72,4/28/1997
742-31-1082,Bobbette,Benstead,bbensteadba@digg.com,Female,3 Chive Way,$41650.45,10/22/1955
642-64-2395,Theodor,Brisard,tbrisardbb@howstuffworks.com,Male,49989 Buhler Center,$161558.06,12/30/1980
387-80-9015,Cristabel,Mc Meekan,cmcmeekanbc@de.vu,Female,1 Dahle Way,$162963.77,2/5/1962
248-62-5249,Manfred,Lambrick,mlambrickbd@nature.com,Male,4 Roth Parkway,$375597.27,6/16/1968
194-24-4133,Ethe,Topes,etopesbe@squidoo.com,Male,8 Sherman Circle,$236180.62,3/13/1981
180-97-2260,Anastasie,Batters,abattersbf@tamu.edu,Female,55874 Bayside Drive,$311698.61,11/1/1949
555-49-3183,Guthry,Canceller,gcancellerbg@nhs.uk,Male,789 Algoma Avenue,$124430.93,2/10/1960
438-77-0598,Sada,Wycliffe,swycliffebh@surveymonkey.com,Female,82527 Corry Lane,$7530.35,2/16/1982
478-66-2473,Dev,Jachimczak,djachimczakbi@ask.com,Male,703 Anzinger Place,$109571.15,11/23/1980
258-26-6392,Vasili,Pritty,vprittybj@java.com,Male,33437 Sheridan Circle,$155870.45,7/15/1995
215-54-6611,Renado,Taylder,rtaylderbk@nyu.edu,Male,040 Mandrake Center,$123558.57,1/14/1989
896-80-1276,Robinet,Thoday,rthodaybl@hibu.com,Male,226 Butterfield Circle,$115694.78,10/3/1966
191-01-8247,Gary,Drever,gdreverbm@unicef.org,Male,7667 Cambridge Trail,$167982.90,1/1/1979
401-80-1528,Artemis,Bolger,abolgerbn@timesonline.co.uk,Male,1024 Jenna Point,$20077.21,6/14/1963
622-91-2960,Hali,McFadyen,hmcfadyenbo@usa.gov,Female,990 Northland Hill,$85586.58,5/8/1984
290-11-9978,Beret,Smallman,bsmallmanbp@cafepress.com,Female,19688 Weeping Birch Center,$281031.73,1/18/1986
721-81-3122,Del,Wickmann,dwickmannbq@livejournal.com,Female,7284 Dunning Drive,$143773.95,6/10/1940
330-89-7453,Falito,Valett,fvalettbr@vk.com,Male,7556 Harper Avenue,$197759.15,1/30/1956
134-09-9063,Carver,Speddin,cspeddinbs@netvibes.com,Male,8533 Maple Alley,$227043.59,2/18/1946
236-40-1788,Florance,Hubbard,fhubbardbt@archive.org,Female,5 Maryland Court,$151727.02,6/22/1950
354-82-2993,Collin,Sandercroft,csandercroftbu@miibeian.gov.cn,Male,2712 Carioca Junction,$47604.48,1/6/1961
893-14-3364,Isabelle,Ribey,iribeybv@jigsy.com,Female,9 Milwaukee Road,$284635.04,6/17/1972
496-20-2636,Regen,Arington,raringtonbw@dion.ne.jp,Male,6 Annamark Court,$348405.19,1/7/1984
803-34-5793,Clary,Gomar,cgomarbx@zdnet.com,Female,757 Old Shore Pass,$375907.38,6/3/1992
898-99-5019,Jimmie,Tidmas,jtidmasby@discuz.net,Male,020 Vahlen Alley,$363768.43,1/16/1949
803-73-2279,Padriac,Quinion,pquinionbz@sfgate.com,Male,0969 Nelson Center,$300098.21,5/16/1956
601-25-7848,Jeth,Dumphries,jdumphriesc0@wix.com,Male,8 Oak Valley Alley,$115930.09,3/4/1958
468-67-2476,Dov,Pareman,dparemanc1@wsj.com,Male,41449 Ramsey Road,$213148.30,10/24/1949
638-80-4671,Ronda,Hrihorovich,rhrihorovichc2@woothemes.com,Female,6 Rockefeller Point,$99869.98,4/6/1990
321-91-1787,Daryle,Throssell,dthrossellc3@google.com,Male,49 Maywood Hill,$173265.44,9/16/1951
202-41-9031,Lilla,Loyndon,lloyndonc4@tumblr.com,Female,88177 Hudson Hill,$279951.88,11/17/1947
224-99-9438,Isidoro,Whale,iwhalec5@oracle.com,Male,41 Sauthoff Junction,$323110.25,2/17/1982
658-44-8949,Orland,Herion,oherionc6@google.com,Male,36 Jackson Parkway,$281557.67,6/16/1978
446-23-7307,Iain,Aldritt,ialdrittc7@slate.com,Male,2 Amoth Avenue,$48831.93,3/25/1962
680-94-2936,Aurie,Jagoe,ajagoec8@wired.com,Female,2 Pond Alley,$318929.38,3/7/1981
129-38-5384,Bertie,Pretorius,bpretoriusc9@shinystat.com,Female,2692 Twin Pines Place,$222361.90,5/1/1941
157-20-4027,Jake,Tift,jtiftca@ucoz.com,Male,7 Mccormick Park,$316915.25,2/12/1998
730-38-7851,Kory,Annett,kannettcb@telegraph.co.uk,Male,71 Moulton Place,$27666.70,8/4/1967
503-79-9593,Hedda,Do Rosario,hdorosariocc@tumblr.com,Female,52 Cascade Junction,$104945.20,8/6/1989
455-90-5151,Nathalia,Chrestien,nchrestiencd@diigo.com,Female,015 Rockefeller Court,$351224.24,3/27/1942
704-73-1136,Garik,Hambly,ghamblyce@slate.com,Male,12484 Transport Circle,$9741.67,6/26/1947
394-89-1794,Suellen,Lewry,slewrycf@theguardian.com,Female,4 Arrowood Center,$339269.71,9/13/1980
675-10-2504,Cointon,Alves,calvescg@walmart.com,Male,276 Spohn Parkway,$223154.53,6/29/1974
313-98-3232,Nollie,Rubel,nrubelch@ucla.edu,Male,9 Colorado Place,$319454.10,7/19/1967
472-15-9775,Prinz,Spurge,pspurgeci@buzzfeed.com,Male,6 Express Plaza,$72656.85,8/22/1987
555-67-2574,Tibold,McGibbon,tmcgibboncj@loc.gov,Male,5 Springs Lane,$224936.71,1/23/1944
233-55-0713,Arney,Swindles,aswindlesck@marriott.com,Male,17 Delaware Center,$229949.99,4/9/1942
847-73-4552,Shamus,O'Heyne,soheynecl@woothemes.com,Male,1991 Erie Road,$216356.86,4/25/1967
800-81-2116,Lionel,Vido,lvidocm@purevolume.com,Male,33 Toban Junction,$5310.15,4/9/1963
240-20-8479,Jasen,Leed,jleedcn@google.ca,Male,87686 Shoshone Circle,$61740.23,5/19/1958
200-85-0969,Teresa,Cleghorn,tcleghornco@privacy.gov.au,Female,42 Stang Road,$48199.84,6/23/1948
445-52-3362,Armin,Loughlan,aloughlancp@yahoo.co.jp,Male,2 Prentice Street,$367947.47,7/26/1974
253-33-5044,Olvan,Kirdsch,okirdschcq@timesonline.co.uk,Male,09636 Bluestem Point,$225826.34,4/20/1948
328-33-3208,Lois,Outright,loutrightcr@hatena.ne.jp,Female,85798 Surrey Way,$54291.20,9/16/1964
742-18-3954,Kiah,Rickards,krickardscs@clickbank.net,Female,52433 Forest Dale Junction,$74110.67,2/19/1982
144-29-6899,Gabrila,Vakhlov,gvakhlovct@seesaa.net,Female,2593 Scott Terrace,$359079.76,6/19/1997
415-92-5894,Lorain,Dowe,ldowecu@gnu.org,Female,1 Parkside Pass,$371354.91,10/11/1941
116-02-4836,Wash,Brunsdon,wbrunsdoncv@omniture.com,Male,2 Johnson Trail,$301188.03,1/30/1979
692-02-7326,Kala,Rolston,krolstoncw@bloglovin.com,Female,96 Novick Trail,$51844.72,1/9/1962
678-16-1832,Anders,Poge,apogecx@wp.com,Male,61705 Butternut Place,$221324.63,4/27/1979
309-83-1625,Juliann,Oxnam,joxnamcy@example.com,Female,75 Northridge Point,$38096.89,10/22/1969
655-96-7167,Ingra,Stibbs,istibbscz@networkadvertising.org,Male,0882 Fremont Pass,$372226.68,12/4/1983
860-53-5671,Alika,Retter,aretterd0@360.cn,Female,3 6th Trail,$67849.96,2/22/1979
102-52-4308,Marrissa,Meah,mmeahd1@unc.edu,Female,0984 Loftsgordon Place,$398681.40,11/9/1944
682-94-6489,Loree,Sleightholme,lsleightholmed2@wikispaces.com,Female,90 Elmside Way,$61368.14,1/8/1993
534-25-2668,Cristine,Rhymer,crhymerd3@google.fr,Female,9098 Vermont Avenue,$394431.25,8/24/1982
780-97-9128,Cara,Erricker,cerrickerd4@amazon.co.jp,Female,2333 Pearson Drive,$95683.66,6/3/1964
587-41-1302,Esmeralda,Kuschel,ekuscheld5@cyberchimps.com,Female,74 Dovetail Alley,$399617.23,5/26/1996
434-36-3200,Channa,Beazey,cbeazeyd6@msn.com,Female,81 Shopko Hill,$67748.95,1/16/1971
684-57-9622,Melicent,Lottrington,mlottringtond7@intel.com,Female,8 Oakridge Drive,$311165.25,7/25/1981
759-50-2101,Jolie,Birtles,jbirtlesd8@ox.ac.uk,Female,4 Oriole Trail,$361619.90,2/2/1951
247-41-7342,Julietta,Harrap,jharrapd9@google.co.jp,Female,441 Dixon Terrace,$2544.37,3/23/1952
294-17-7748,Francisco,Lownsbrough,flownsbroughda@unesco.org,Male,39396 Menomonie Plaza,$198312.57,7/29/1953
314-72-1007,Rahal,Rodder,rrodderdb@cdbaby.com,Female,1 Brentwood Alley,$366058.54,1/14/1950
383-27-4384,Lindon,Carek,lcarekdc@1und1.de,Male,61 Rieder Trail,$13558.89,1/3/1957
871-69-9426,Jaclyn,Lammin,jlammindd@yale.edu,Female,54 Corry Alley,$56196.85,9/18/1991
273-33-1079,Delmore,Hamper,dhamperde@wordpress.org,Male,11667 Eagan Trail,$114238.84,5/20/1989
159-22-4072,Artemus,Abate,aabatedf@163.com,Male,5 Arrowood Circle,$367591.51,2/27/1975
287-27-6675,Addie,Manwell,amanwelldg@ebay.co.uk,Female,0038 Dixon Park,$236404.43,1/11/1963
619-08-3748,Bord,Mullin,bmullindh@go.com,Male,8369 Brickson Park Parkway,$269378.06,3/4/1989
140-81-3231,Roseanne,Conkie,rconkiedi@bluehost.com,Female,0519 Fremont Alley,$299342.65,4/14/1977
588-98-5431,Ashla,Darth,adarthdj@stumbleupon.com,Female,462 Marcy Drive,$347815.63,11/10/1983
629-17-4252,Engelbert,Degoey,edegoeydk@stanford.edu,Male,16 Washington Alley,$328662.28,11/30/1957
758-45-9645,Gustavo,Sabbins,gsabbinsdl@flickr.com,Male,06 Luster Terrace,$265376.80,4/26/1978
536-29-0968,Gaven,Strathearn,gstrathearndm@printfriendly.com,Male,12339 Clove Pass,$82009.88,12/4/1977
739-49-3210,Joell,Boyett,jboyettdn@wikimedia.org,Female,4 Holy Cross Center,$88698.49,10/21/1976
496-74-5116,Rhett,Olin,rolindo@si.edu,Male,164 Holmberg Hill,$71908.73,8/17/1990
755-73-0863,Juliane,Langer,jlangerdp@dagondesign.com,Female,6 Superior Drive,$376170.86,5/26/1989
312-43-4494,Kandace,Livock,klivockdq@cbsnews.com,Female,813 Marquette Hill,$53716.34,11/28/1985
245-17-3813,Janette,McLoughlin,jmcloughlindr@bbc.co.uk,Female,4925 Lien Pass,$321302.13,11/21/1992
102-32-1482,Roby,Agent,ragentds@salon.com,Female,8 Jenifer Hill,$71653.98,5/19/1950
755-91-9201,Nerissa,Gaishson,ngaishsondt@so-net.ne.jp,Female,1431 Meadow Ridge Street,$352999.25,6/12/1947
518-18-5833,Vachel,Kennerley,vkennerleydu@economist.com,Male,0 North Plaza,$305519.61,4/15/1969
511-46-9730,Alfred,Stut,astutdv@diigo.com,Male,3 Green Hill,$327047.56,1/24/1985
672-50-1908,Isador,Varden,ivardendw@army.mil,Male,72580 Debs Avenue,$37661.43,12/16/1981
635-97-6386,Tannie,Dransfield,tdransfielddx@squidoo.com,Male,634 Kim Road,$15958.15,12/30/1977
385-96-3840,Joycelin,Cradick,jcradickdy@dion.ne.jp,Female,3085 Warbler Pass,$305459.30,2/27/1990
661-06-8108,Toby,MacLice,tmaclicedz@prweb.com,Male,2 Summit Way,$40986.43,6/7/1962
556-44-0266,Octavia,Grzelczyk,ogrzelczyke0@bloomberg.com,Female,4762 Summerview Road,$231646.73,9/17/1962
251-47-1529,Reginauld,MacNeill,rmacneille1@thetimes.co.uk,Male,02312 Charing Cross Circle,$225269.39,2/19/1958
423-80-2056,Davey,Sheircliffe,dsheircliffee2@ca.gov,Male,19391 Evergreen Way,$329920.83,5/15/1955
583-92-5701,Jard,Delue,jdeluee3@theguardian.com,Male,3 Menomonie Crossing,$34292.03,3/31/1978
259-88-7688,Sharia,Callam,scallame4@de.vu,Female,3 Dexter Drive,$281430.00,11/23/1988
181-18-9025,Curcio,Bennie,cbenniee5@state.tx.us,Male,52 Anhalt Hill,$286758.08,8/30/1992
450-77-6356,Eziechiele,Robinet,erobinete6@quantcast.com,Male,244 Michigan Park,$331180.26,6/21/1992
532-77-1502,Cassaundra,Grinnell,cgrinnelle7@prnewswire.com,Female,50 Esker Street,$218392.32,3/16/1972
721-66-1030,Pattin,McDougald,pmcdougalde8@businesswire.com,Male,369 Loeprich Alley,$60536.72,12/31/1981
523-70-4110,Felicdad,Stidworthy,fstidworthye9@blog.com,Female,254 Maywood Pass,$152275.02,1/30/1960
771-99-0805,Roth,Marmyon,rmarmyonea@bloglovin.com,Male,42 Elmside Pass,$259778.44,9/23/1990
632-91-5454,Chad,Lapping,clappingeb@google.ru,Male,8 Holmberg Terrace,$138990.76,1/28/1995
540-12-2042,Jocelin,Kayne,jkayneec@taobao.com,Female,2 Mockingbird Way,$299246.57,4/27/1996
752-15-6735,Gage,Drei,gdreied@omniture.com,Male,7 Bultman Plaza,$161139.66,1/16/1995
347-60-6530,Delphine,Fearnill,dfearnillee@icq.com,Female,16 Waxwing Crossing,$305589.55,11/14/1953
186-83-6564,Glynnis,Lineker,glinekeref@nasa.gov,Female,40536 Kinsman Way,$185353.07,4/14/1986
244-19-2641,Lewes,Cheng,lchengeg@google.ru,Male,9364 Bayside Terrace,$209571.39,5/29/1983
513-59-1856,Tully,Mandres,tmandreseh@google.com.hk,Male,36522 Buhler Way,$371976.97,10/21/1960
456-90-0709,Nola,Pyser,npyserei@mlb.com,Female,6937 Oakridge Park,$99757.19,3/25/1998
178-69-9383,Sosanna,Dunstone,sdunstoneej@jalbum.net,Female,16 Elka Alley,$10611.67,7/17/1982
524-85-2412,Livvie,Chidwick,lchidwickek@bluehost.com,Female,87662 Truax Center,$36264.37,12/4/1975
683-03-8671,Jude,Skeech,jskeechel@mayoclinic.com,Male,9 Chinook Trail,$265913.03,1/28/1952
149-29-3788,Arlana,Frier,afrierem@pcworld.com,Female,65 Arrowood Court,$12469.25,3/19/1988
264-02-6512,Ulric,Burbudge,uburbudgeen@senate.gov,Male,04608 Mallard Plaza,$30671.08,12/8/1947
816-49-4452,Kele,Lyne,klyneeo@geocities.jp,Male,80 Haas Pass,$359385.98,10/17/1953
786-01-2181,Zeke,Barrack,zbarrackep@sakura.ne.jp,Male,4 Hauk Park,$321544.14,6/18/1966
746-15-6849,Sawyere,Meedendorpe,smeedendorpeeq@twitpic.com,Male,0175 Lillian Avenue,$252897.51,10/10/1953
332-36-4676,Cosimo,Kolis,ckoliser@opensource.org,Male,439 Prairie Rose Trail,$277084.46,12/20/1969
280-49-1404,Thorvald,Lenney,tlenneyes@shinystat.com,Male,0461 Iowa Court,$69035.40,11/26/1989
735-04-9479,Kelcy,Booty,kbootyet@feedburner.com,Female,13956 Pennsylvania Center,$241357.42,2/27/1945
699-31-0630,Kathrine,Foan,kfoaneu@deliciousdays.com,Female,87 Atwood Circle,$316797.24,6/15/1987
684-59-1298,Roderigo,Boules,rboulesev@toplist.cz,Male,7 Caliangt Avenue,$355332.22,10/27/1996
237-65-5690,Alvina,Rentoll,arentollew@harvard.edu,Female,29 Grayhawk Drive,$245981.31,12/8/1990
670-55-6608,Kathy,Alexsandrev,kalexsandrevex@ustream.tv,Female,9180 Hansons Place,$104164.09,10/16/1992
292-25-2960,Brendis,McPherson,bmcphersoney@yellowpages.com,Male,1507 Mitchell Court,$211835.09,11/11/1979
125-73-3390,Karel,McDonagh,kmcdonaghez@springer.com,Female,63 Hoepker Parkway,$304698.64,1/5/1985
608-54-3011,Theodosia,Hawkswell,thawkswellf0@dailymotion.com,Female,72 Havey Way,$188511.96,6/30/1986
660-05-8346,Shaylynn,Roy,sroyf1@webs.com,Female,112 Bunting Point,$174319.57,10/22/1965
612-25-0291,Julian,Savidge,jsavidgef2@quantcast.com,Male,19 Morning Park,$156115.31,5/23/1957
333-76-7045,Roscoe,McPolin,rmcpolinf3@cocolog-nifty.com,Male,65684 Brickson Park Drive,$8577.05,11/22/1942
495-02-5361,Bette,Dibden,bdibdenf4@dot.gov,Female,30864 Hallows Court,$142345.27,4/12/1985
712-16-1363,Tibold,Henner,thennerf5@fotki.com,Male,20532 Ilene Place,$154133.68,5/10/1978
846-45-0233,Gabriel,Kenner,gkennerf6@gnu.org,Male,45802 Fisk Road,$173312.35,12/13/1995
323-26-2204,Bernardo,Gricks,bgricksf7@xrea.com,Male,166 Northfield Street,$145770.91,4/2/1958
216-47-5763,Tad,Blaszczynski,tblaszczynskif8@facebook.com,Male,2 Hauk Center,$130182.41,4/7/1986
645-94-6189,Jack,Churchin,jchurchinf9@msu.edu,Male,98366 Mifflin Avenue,$112293.78,1/2/1958
401-93-4851,Hercules,Gergely,hgergelyfa@cbc.ca,Male,02708 Pankratz Terrace,$47887.52,4/17/1985
558-05-0503,Silvio,Lidgett,slidgettfb@addthis.com,Male,3 Ridgeway Court,$53285.58,11/8/1956
458-18-4560,Merline,MacGinley,mmacginleyfc@cmu.edu,Female,90160 Carey Park,$347909.37,6/2/1974
252-32-5755,Tresa,Guillard,tguillardfd@parallels.com,Female,6 Memorial Terrace,$242367.44,1/6/1969
416-42-6008,Leupold,Gullivan,lgullivanfe@umn.edu,Male,930 Stang Avenue,$361450.37,10/2/1961
755-97-1461,Marie-ann,Werndley,mwerndleyff@uiuc.edu,Female,2 Talmadge Trail,$48382.93,7/19/1971
449-39-5966,Jesselyn,Theuff,jtheufffg@hp.com,Female,4052 Dapin Center,$37818.66,10/7/1977
881-06-7395,Steward,Chetham,schethamfh@irs.gov,Male,84296 Gale Hill,$297508.86,4/1/1978
627-45-0369,Shelby,Croley,scroleyfi@diigo.com,Female,5 Fordem Center,$110382.93,8/19/1990
405-41-9619,Paulina,Doulden,pdouldenfj@typepad.com,Female,5 Elka Street,$69206.71,10/30/1942
539-83-9302,Truda,Killford,tkillfordfk@exblog.jp,Female,6 Graceland Avenue,$134616.65,7/29/1969
227-19-2272,Aloysius,MacGaughie,amacgaughiefl@nymag.com,Male,92536 Nancy Park,$211181.52,5/4/1944
604-17-7001,Ruthie,Neggrini,rneggrinifm@state.tx.us,Female,95 Reindahl Place,$240778.65,2/21/1991
260-67-4645,Etta,Giampietro,egiampietrofn@un.org,Female,050 Sunnyside Alley,$4382.56,3/9/1975
804-96-8960,Lacee,Seres,lseresfo@mayoclinic.com,Female,879 Lakewood Plaza,$358085.92,6/18/1985
506-56-9782,Nappie,Boyse,nboysefp@dedecms.com,Male,52 Morrow Avenue,$230835.50,3/3/1953
644-88-1330,Lannie,Tanfield,ltanfieldfq@bandcamp.com,Male,02433 Bluejay Pass,$364757.96,11/28/1947
750-92-0966,Caron,McTrustey,cmctrusteyfr@purevolume.com,Female,55041 Sundown Pass,$395467.60,2/28/1981
847-59-1046,Micheal,Eicke,meickefs@loc.gov,Male,50481 Manley Court,$238959.69,4/13/1953
151-22-4381,Corney,Glasson,cglassonft@w3.org,Male,59 Fieldstone Pass,$184981.14,9/3/1996
882-31-6677,Sayres,Abdie,sabdiefu@arizona.edu,Male,27459 Old Shore Hill,$363657.78,9/27/1984
362-95-7416,Nat,Barnet,nbarnetfv@wordpress.com,Female,25211 Carey Circle,$103014.34,4/27/1991
552-09-3343,Say,Di Biasio,sdibiasiofw@about.me,Male,8 Scott Plaza,$192262.50,1/17/1987
633-56-9982,Chase,Albasini,calbasinifx@sogou.com,Male,477 Pine View Place,$11568.19,6/7/1989
644-32-1995,Chloe,Grimsdike,cgrimsdikefy@freewebs.com,Female,310 Heffernan Pass,$282865.58,5/3/1978
297-42-7435,Allayne,Morat,amoratfz@delicious.com,Male,8416 Duke Court,$357778.52,1/29/1945
346-97-9099,Justis,McHaffy,jmchaffyg0@phoca.cz,Male,58 Saint Paul Trail,$316422.85,11/23/1965
324-55-9083,Laurie,Danilenko,ldanilenkog1@biblegateway.com,Male,9 Prairieview Way,$167776.87,4/28/1944
464-64-0492,Leonardo,Le Fevre,llefevreg2@chicagotribune.com,Male,642 New Castle Street,$179030.28,2/9/1941
151-19-4707,Ricky,Riolfo,rriolfog3@mlb.com,Male,24 Norway Maple Park,$382287.43,5/27/1957
717-98-9162,Mignonne,Laxon,mlaxong4@booking.com,Female,39 Melody Park,$91762.81,10/25/1947
315-36-7085,Carmen,Eldershaw,celdershawg5@jugem.jp,Female,8 Rowland Junction,$371932.86,2/24/1966
844-08-3687,Serge,Niave,sniaveg6@webmd.com,Male,7734 Park Meadow Parkway,$70942.40,3/17/1948
263-55-2794,Lilia,Canfer,lcanferg7@ask.com,Female,0 Clyde Gallagher Drive,$90588.39,9/19/1964
368-77-7123,Daisy,Hegges,dheggesg8@cloudflare.com,Female,682 Dahle Circle,$241160.35,11/10/1967
172-35-8216,Dame,Bagnell,dbagnellg9@163.com,Male,68797 Wayridge Drive,$382198.78,11/28/1967
278-62-6702,Guillaume,Carme,gcarmega@eepurl.com,Male,1080 Annamark Terrace,$280126.63,1/18/1958
340-22-4203,Alla,Gillian,agilliangb@infoseek.co.jp,Female,86 American Ash Alley,$7810.74,7/2/1961
271-41-7964,Joletta,ffrench Beytagh,jffrenchbeytaghgc@trellian.com,Female,2790 Crownhardt Place,$213389.35,12/14/1979
691-86-0631,Kingsly,Spurway,kspurwaygd@sakura.ne.jp,Male,562 Debs Place,$111895.32,12/28/1973
511-23-6020,Walsh,Vivash,wvivashge@psu.edu,Male,3647 Mccormick Way,$169210.46,12/30/1982
268-21-5023,Carie,Doggerell,cdoggerellgf@ted.com,Female,7464 Morning Road,$203110.94,1/16/1947
448-92-3900,Pris,Grisard,pgrisardgg@yellowpages.com,Female,45 Del Mar Center,$55616.45,9/15/1975
496-44-8749,Bastien,Kermit,bkermitgh@soundcloud.com,Male,7 Kensington Road,$338932.60,2/2/1967
374-56-2699,Melvin,Immer,mimmergi@networkadvertising.org,Male,6 Gale Lane,$113264.84,4/9/1989
820-37-2804,Aube,Proppers,aproppersgj@issuu.com,Male,743 Macpherson Crossing,$55305.25,5/15/1995
781-45-1411,Frederique,Bengtson,fbengtsongk@networkadvertising.org,Female,34 Macpherson Road,$321081.38,10/22/1983
747-97-3657,West,Duffett,wduffettgl@answers.com,Male,7 Nova Point,$333358.98,3/28/1951
888-85-3573,Paulie,Henrichs,phenrichsgm@plala.or.jp,Male,853 Chive Road,$274715.04,1/23/1943
231-74-5175,Worth,Sterzaker,wsterzakergn@skype.com,Male,7 Troy Junction,$47629.89,5/23/1986
143-38-8083,Sawyer,Vasilchenko,svasilchenkogo@hc360.com,Male,7348 Washington Road,$304545.85,6/26/1996
774-52-8687,Ernestine,Band,ebandgp@cnet.com,Female,028 Clove Park,$228737.38,2/4/1965
370-91-3803,Aurelea,Petrolli,apetrolligq@sakura.ne.jp,Female,08 Ridgeview Drive,$127119.65,11/8/1945
609-61-7171,Jessica,Faussett,jfaussettgr@stanford.edu,Female,96190 Mandrake Court,$75159.97,7/2/1960
847-04-5197,Cinnamon,Semarke,csemarkegs@t.co,Female,196 Bunting Alley,$225949.50,6/28/1957
724-88-7180,Eada,Hause,ehausegt@soundcloud.com,Female,01580 Delaware Lane,$365924.72,10/15/1992
331-20-4549,Paco,Ellington,pellingtongu@amazon.co.jp,Male,184 Mccormick Alley,$172342.53,6/16/1984
692-01-8003,Brice,Tythacott,btythacottgv@vimeo.com,Male,549 Village Green Park,$195086.30,6/29/1946
612-33-7189,Sibeal,Aspray,saspraygw@icio.us,Female,29 Ludington Circle,$312260.85,7/16/1977
656-37-6052,Ag,Simak,asimakgx@mail.ru,Female,129 Fairfield Trail,$22538.06,7/1/1972
378-76-2410,Rubie,Bargery,rbargerygy@g.co,Female,67 Meadow Ridge Center,$320363.90,10/16/1977
409-37-5050,Rhodie,Meindl,rmeindlgz@answers.com,Female,33515 Briar Crest Park,$44474.27,6/26/1998
519-57-0265,Ewan,Mohring,emohringh0@yolasite.com,Male,98 Fair Oaks Park,$331749.30,1/19/1993
150-70-3544,Zechariah,Filppetti,zfilppettih1@fotki.com,Male,756 Delaware Plaza,$398969.46,5/10/1998
406-86-5746,Floyd,Selland,fsellandh2@alibaba.com,Male,33 Cherokee Circle,$378921.19,12/19/1949
471-64-3704,Danica,Cusiter,dcusiterh3@usgs.gov,Female,979 Butternut Alley,$167263.52,6/2/1951
413-47-9120,Felita,Faragher,ffaragherh4@virginia.edu,Female,156 Rusk Park,$165151.75,9/19/1963
437-78-4156,Torie,Itchingham,titchinghamh5@nbcnews.com,Female,37561 Morningstar Place,$114434.18,10/18/1977
785-92-3936,Jere,Aguirre,jaguirreh6@unc.edu,Male,3 Stuart Way,$303341.79,10/26/1973
204-02-7001,Vilma,Blenkhorn,vblenkhornh7@google.es,Female,621 Colorado Drive,$192399.41,5/4/1945
648-56-6646,Cyril,Rich,crichh8@sogou.com,Male,7 Golden Leaf Avenue,$371570.59,5/10/1957
899-56-9058,Stormie,Fealty,sfealtyh9@live.com,Female,9 Fallview Junction,$235092.75,9/19/1954
847-32-1337,Lombard,Burbridge,lburbridgeha@cmu.edu,Male,292 Forest Dale Lane,$312939.35,1/19/1956
426-92-3415,Tedd,Lunt,tlunthb@japanpost.jp,Male,5360 Meadow Vale Street,$274550.91,8/22/1955
381-49-3779,Erek,Aish,eaishhc@mit.edu,Male,25484 Bunting Parkway,$228885.70,7/9/1982
236-66-6403,Ramonda,Mathan,rmathanhd@army.mil,Female,2009 Sherman Crossing,$201847.71,1/31/1998
558-92-1153,Catha,Swaite,cswaitehe@amazon.co.jp,Female,67760 Lukken Trail,$112752.33,11/16/1966
189-49-8052,Jacquette,Sabberton,jsabbertonhf@addtoany.com,Female,695 Meadow Vale Terrace,$23653.39,9/10/1950
594-09-6077,Corrinne,Callington,ccallingtonhg@who.int,Female,40 Harper Point,$139445.39,1/19/1972
719-35-8627,Reinold,Lansly,rlanslyhh@google.cn,Male,34291 Kensington Plaza,$288357.69,8/22/1992
836-28-1962,Patrizio,Moston,pmostonhi@spiegel.de,Male,04 Lerdahl Drive,$141907.46,4/30/1947
814-67-6239,Lock,Smitten,lsmittenhj@china.com.cn,Male,4357 5th Place,$379875.59,6/16/1971
455-95-5569,Casi,Thirlwell,cthirlwellhk@lulu.com,Female,6527 Pepper Wood Point,$367411.99,2/13/1940
681-08-8509,Orren,Orgee,oorgeehl@live.com,Male,733 Rigney Crossing,$72862.41,10/20/1990
779-36-7032,Wake,Passie,wpassiehm@de.vu,Male,489 Tennessee Crossing,$389953.26,1/4/1983
323-86-9533,Ivar,Alekhov,ialekhovhn@irs.gov,Male,42246 Briar Crest Avenue,$301553.66,5/18/1954
849-77-0359,Salvador,Whifen,swhifenho@networkadvertising.org,Male,94 Doe Crossing Pass,$281142.92,1/9/1994
586-35-2395,Aaron,McMenamie,amcmenamiehp@shop-pro.jp,Male,56402 Badeau Hill,$120697.46,12/29/1962
254-83-1207,Felice,Filippov,ffilippovhq@pagesperso-orange.fr,Male,32 Burning Wood Avenue,$102882.72,2/8/1966
308-53-5291,Hammad,Brunetti,hbrunettihr@drupal.org,Male,7 Caliangt Hill,$88943.07,9/19/1982
472-80-1589,Torre,Hatton,thattonhs@imgur.com,Male,92900 Coleman Center,$292922.09,3/10/1971
730-45-5658,Luce,Thirlwell,lthirlwellht@blog.com,Female,44262 Prairie Rose Court,$19912.91,8/12/1988
665-86-4391,Alessandro,Meran,ameranhu@blogs.com,Male,780 Fallview Hill,$72242.48,2/26/1979
824-68-3999,Laurena,Cotherill,lcotherillhv@fc2.com,Female,6528 Canary Drive,$33781.00,8/16/1963
704-93-5244,Thacher,Nicolls,tnicollshw@yahoo.co.jp,Male,0 Ramsey Crossing,$199640.68,3/25/1940
308-15-2455,Ebba,Doneld,edoneldhx@pen.io,Female,88 Pennsylvania Alley,$197546.75,3/7/1987
777-75-0984,Tiebold,Trowler,ttrowlerhy@harvard.edu,Male,16329 Rigney Place,$252594.84,2/20/1979
237-18-3226,Korella,Ramel,kramelhz@google.com,Female,6 Packers Terrace,$19839.23,3/20/1957
382-30-7188,Andrew,Tyzack,atyzacki0@jimdo.com,Male,144 8th Street,$53903.58,9/6/1965
510-27-7029,Tiff,Pingston,tpingstoni1@bbb.org,Female,4670 Division Road,$289035.67,11/17/1942
151-67-8367,Gabbie,Baughan,gbaughani2@ifeng.com,Male,14 Elmside Hill,$101259.74,3/12/1970
465-49-4516,Niel,Gurery,ngureryi3@flavors.me,Male,349 Valley Edge Point,$272406.80,2/13/1975
115-72-4984,Analise,McRonald,amcronaldi4@360.cn,Female,14728 Village Green Parkway,$288592.91,2/27/1948
655-75-5535,Brucie,Emerine,bemerinei5@bbc.co.uk,Male,0 Cottonwood Hill,$115076.09,8/20/1982
763-71-3621,Kala,Celez,kcelezi6@deviantart.com,Female,136 Lighthouse Bay Hill,$48133.13,5/31/1945
387-03-9658,Melantha,Hoult,mhoulti7@pcworld.com,Female,4 Loftsgordon Point,$261112.17,5/9/1976
270-19-9145,Kent,Leander,kleanderi8@java.com,Male,87 Schiller Court,$377110.26,6/19/1976
384-79-2084,Giffy,Jermyn,gjermyni9@state.tx.us,Male,73706 Ohio Plaza,$382676.03,4/18/1981
542-61-8563,Rania,Zamora,rzamoraia@nydailynews.com,Female,2 Westerfield Road,$357857.11,9/13/1987
680-83-5604,Otes,Lewsley,olewsleyib@free.fr,Male,2 Hauk Hill,$207964.92,2/11/1967
647-70-8088,Harris,Hayley,hhayleyic@ycombinator.com,Male,811 Lawn Road,$216883.56,5/18/1971
269-25-4236,Ronalda,Edbrooke,redbrookeid@studiopress.com,Female,74228 Reindahl Court,$49943.53,8/2/1997
801-31-4867,Gardy,Dimnage,gdimnageie@si.edu,Male,40 Melby Point,$53841.71,6/2/1942
708-38-3272,Modesta,Dossit,mdossitif@usatoday.com,Female,438 Reinke Park,$207491.42,5/16/1962
520-28-6884,Lorenzo,Tarbatt,ltarbattig@list-manage.com,Male,99 Sherman Parkway,$192489.83,7/14/1963
234-23-5423,Manfred,McClay,mmcclayih@alibaba.com,Male,29270 Stone Corner Court,$38447.09,7/27/1955
273-50-3445,Selina,Arpur,sarpurii@ihg.com,Female,247 West Place,$369040.37,8/13/1983
893-35-4655,Merrick,Streetley,mstreetleyij@reference.com,Male,0396 Rieder Circle,$262660.32,4/24/1992
881-39-2498,Farand,Buntin,fbuntinik@bloglines.com,Female,6 Aberg Parkway,$124441.10,12/6/1951
662-48-5341,Karlyn,Haycroft,khaycroftil@apple.com,Female,513 Pennsylvania Way,$202154.63,4/1/1946
238-84-9822,Mariellen,Kestell,mkestellim@bbc.co.uk,Female,50591 Fieldstone Center,$235395.19,8/13/1958
349-65-5040,Hercule,Burnett,hburnettin@biglobe.ne.jp,Male,26 Manitowish Center,$84175.84,5/12/1987
242-27-2084,Ripley,Slocombe,rslocombeio@goo.ne.jp,Male,3 Knutson Avenue,$233397.91,9/6/1940
664-99-9753,Grange,Doubrava,gdoubravaip@mayoclinic.com,Male,05 Center Hill,$43550.56,5/23/1989
319-23-2156,Arnold,Coale,acoaleiq@hatena.ne.jp,Male,04876 Scofield Hill,$160710.37,8/3/1982
844-74-8973,Valentia,Catonnet,vcatonnetir@biblegateway.com,Female,99 Laurel Parkway,$288086.82,10/2/1964
886-62-6575,Hagen,Sifflett,hsifflettis@va.gov,Male,5176 Butterfield Park,$141455.42,4/11/1984
326-89-1834,Mommy,Lorek,mlorekit@instagram.com,Female,978 Lakewood Point,$55885.98,7/28/1960
551-21-1134,Vachel,Beresford,vberesfordiu@hostgator.com,Male,2780 Muir Avenue,$304172.83,8/24/1967
438-53-0787,Talbot,Heaton,theatoniv@nationalgeographic.com,Male,508 Toban Terrace,$203890.55,8/4/1972
267-97-3800,Melinda,Bussell,mbusselliw@ovh.net,Female,7 Susan Plaza,$102141.12,1/18/1965
442-29-0802,Eugenia,Castagnaro,ecastagnaroix@adobe.com,Female,412 Judy Street,$40893.91,5/30/1990
335-62-7388,Cathy,Dinwoodie,cdinwoodieiy@hatena.ne.jp,Female,300 Summit Street,$369693.29,4/18/1976
703-08-8607,Emlyn,Haxbie,ehaxbieiz@sbwire.com,Female,3183 Esker Court,$87849.20,3/12/1987
224-05-7628,Easter,Skittrell,eskittrellj0@blogtalkradio.com,Female,802 Bartillon Trail,$209694.83,11/23/1980
830-32-1662,Abbe,Gallimore,agallimorej1@acquirethisname.com,Male,30 Farmco Circle,$7973.53,11/16/1952
763-94-3417,Sherman,Stanley,sstanleyj2@bluehost.com,Male,11 Waxwing Drive,$101478.21,1/6/1967
868-46-4235,Drud,Lightoller,dlightollerj3@ask.com,Male,3 Kedzie Way,$248048.69,6/28/1955
641-53-4899,Ealasaid,Lempel,elempelj4@yahoo.co.jp,Female,18426 Glendale Trail,$80473.80,7/4/1974
340-93-3535,Meir,Carlo,mcarloj5@about.com,Male,160 Reindahl Road,$296189.03,5/6/1942
889-33-1272,Augustina,Shatliff,ashatliffj6@indiegogo.com,Female,04874 Oakridge Plaza,$62054.80,6/15/1989
863-06-3261,Garrard,Knighton,gknightonj7@uol.com.br,Male,92 Paget Hill,$291294.93,3/10/1998
357-87-5284,Kennedy,Strover,kstroverj8@domainmarket.com,Male,6517 Almo Parkway,$29326.74,2/28/1946
239-58-4898,Lira,Eddisforth,leddisforthj9@wiley.com,Female,7 Carpenter Pass,$56507.68,2/16/1972
719-84-5907,Vergil,Nickols,vnickolsja@cnbc.com,Male,35387 Pine View Parkway,$54683.94,1/4/1957
772-10-6961,Oneida,Pilmer,opilmerjb@flickr.com,Female,00 Stuart Court,$64200.03,5/26/1992
702-92-9940,Leena,Gogie,lgogiejc@hhs.gov,Female,86801 Kim Drive,$193759.06,8/27/1967
450-43-2628,Darb,Largent,dlargentjd@marketwatch.com,Male,4192 Cherokee Point,$228900.99,2/25/1985
130-45-5702,Tuck,Egleton,tegletonje@sourceforge.net,Male,256 Kropf Circle,$277135.16,11/8/1995
592-21-6745,Seka,Bourtoumieux,sbourtoumieuxjf@answers.com,Female,361 La Follette Way,$324751.60,7/3/1963
512-23-2130,Therine,Dodell,tdodelljg@wp.com,Female,22 Clemons Place,$177141.98,10/8/1964
121-87-1508,Bradney,Pigram,bpigramjh@devhub.com,Male,60 Milwaukee Drive,$33306.36,5/15/1970
328-95-6002,Corry,Etchell,cetchellji@state.tx.us,Female,962 Gerald Plaza,$261303.07,6/16/1966
329-83-3686,Fabe,Quantrill,fquantrilljj@spotify.com,Male,1950 Veith Park,$384160.74,11/11/1971
816-09-9055,Kerry,McGlynn,kmcglynnjk@i2i.jp,Male,65 Kropf Court,$106933.08,7/30/1973
177-29-2328,Renee,Idill,ridilljl@theatlantic.com,Female,85973 Sullivan Parkway,$170996.61,6/24/1945
708-14-1044,Gusty,Tamplin,gtamplinjm@ihg.com,Female,27 Mayer Circle,$8632.65,10/1/1949
672-66-9986,Maggie,Wailes,mwailesjn@delicious.com,Female,71822 Brentwood Avenue,$228459.53,12/11/1956
581-44-1070,Bee,Spyby,bspybyjo@free.fr,Female,688 Pierstorff Terrace,$331700.01,7/20/1979
591-75-8143,Johny,Faichnie,jfaichniejp@naver.com,Male,6614 Katie Lane,$140393.20,1/19/1941
286-44-7062,Evelina,Cheeke,echeekejq@va.gov,Female,98 Bayside Drive,$193423.59,6/19/1954
715-77-9930,Maribeth,McCorkell,mmccorkelljr@auda.org.au,Female,235 Arkansas Center,$98328.17,4/3/1949
507-60-6289,Garek,Bastiman,gbastimanjs@163.com,Male,0 Hudson Circle,$176396.66,10/15/1949
313-73-9681,Sharlene,Jacquemot,sjacquemotjt@infoseek.co.jp,Female,70366 Mcguire Park,$134668.79,12/20/1980
284-33-2178,Basilio,Scarfe,bscarfeju@newsvine.com,Male,7976 Luster Crossing,$11779.87,7/19/1962
286-22-1279,Udell,Struss,ustrussjv@independent.co.uk,Male,201 East Terrace,$322391.64,9/7/1977
237-56-3167,Celina,Lothlorien,clothlorienjw@shinystat.com,Female,3 Burning Wood Alley,$62829.54,10/22/1959
106-90-0629,Glendon,McArdell,gmcardelljx@google.com,Male,49174 Manitowish Junction,$222068.90,7/14/1964
164-99-3486,Charles,Kassman,ckassmanjy@chron.com,Male,87626 Westerfield Lane,$139679.87,11/12/1982
815-30-6529,Kaycee,Fiorentino,kfiorentinojz@harvard.edu,Female,40 Independence Point,$382972.52,9/15/1992
261-10-0435,Perla,Perrot,pperrotk0@toplist.cz,Female,07 Fieldstone Parkway,$50818.14,4/15/1959
852-03-7389,Brenden,Jedrych,bjedrychk1@harvard.edu,Male,5 Lukken Hill,$26821.62,10/31/1995
827-14-5415,Royce,Dawdry,rdawdryk2@51.la,Male,458 Esker Circle,$59898.24,10/15/1947
449-31-3108,Max,Dewen,mdewenk3@amazon.com,Female,701 Loomis Point,$44546.44,11/28/1982
699-83-0762,Joe,Collcott,jcollcottk4@huffingtonpost.com,Male,4 Nobel Pass,$256505.90,2/2/1975
122-29-1984,Ardath,Sine,asinek5@privacy.gov.au,Female,617 Farwell Road,$303636.10,12/24/1996
572-92-3265,Farley,Maken,fmakenk6@ifeng.com,Male,628 Rieder Hill,$192040.39,10/11/1965
580-85-5148,Etti,Pengilly,epengillyk7@newsvine.com,Female,08662 Valley Edge Pass,$164613.24,7/10/1989
411-58-4139,Colleen,Richfield,crichfieldk8@sogou.com,Female,9 Crest Line Point,$245963.84,1/19/1965
553-64-9829,Margalo,Tawton,mtawtonk9@theguardian.com,Female,2327 Basil Terrace,$356755.78,6/14/1947
807-49-6275,Lynde,Medlen,lmedlenka@smh.com.au,Female,8889 Blaine Terrace,$74588.92,1/16/1940
380-50-8164,Clem,Codd,ccoddkb@surveymonkey.com,Female,3 Autumn Leaf Avenue,$222376.11,12/8/1949
679-25-9517,Cherrita,Stockford,cstockfordkc@amazon.com,Female,17557 Hoepker Way,$45568.85,10/2/1989
181-20-0971,Derrek,Rablen,drablenkd@stumbleupon.com,Male,73 Rusk Crossing,$84666.69,11/28/1996
523-20-6924,Car,De Cristofalo,cdecristofaloke@list-manage.com,Male,83 Dunning Junction,$331043.87,3/19/1953
190-53-4145,Amory,Paoletto,apaolettokf@soup.io,Male,7563 Hallows Hill,$113977.65,9/13/1944
793-90-9442,Neil,Figures,nfigureskg@java.com,Male,8136 Erie Lane,$163542.48,8/11/1975
304-99-0097,Verna,Donet,vdonetkh@chron.com,Female,9833 Kenwood Pass,$19847.42,8/25/1996
878-14-0880,Danya,Matias,dmatiaski@free.fr,Female,66 Westend Drive,$278096.78,6/4/1983
104-61-9226,Doy,Ruffell,druffellkj@nymag.com,Male,5096 Northport Plaza,$339907.06,9/14/1946
757-19-0823,Calli,Gothard,cgothardkk@soup.io,Female,29905 Haas Circle,$224825.64,2/9/1966
227-25-8356,Craig,Gasker,cgaskerkl@mashable.com,Male,2 Oak Terrace,$97673.99,12/17/1994
719-97-3970,Lance,Solomon,lsolomonkm@weibo.com,Male,379 Granby Court,$52558.17,3/22/1989
190-58-6610,Aluino,Fairbourn,afairbournkn@sitemeter.com,Male,7 Caliangt Point,$173917.79,3/7/1952
821-78-6364,Feliks,Crisall,fcrisallko@mozilla.org,Male,6797 Reinke Plaza,$213987.15,11/13/1978
881-49-0713,Penrod,Deacon,pdeaconkp@abc.net.au,Male,52 Everett Lane,$368215.32,2/23/1982
392-95-4704,Cordey,Chinnock,cchinnockkq@imdb.com,Female,3670 Tennessee Court,$200186.01,10/3/1988
854-67-7898,Mariellen,Fellgatt,mfellgattkr@e-recht24.de,Female,2 West Trail,$50185.82,7/18/1958
606-35-7274,Jemmie,Hercules,jherculesks@parallels.com,Female,32145 Kingsford Point,$363047.72,8/21/1966
104-34-0725,Doria,MacCorley,dmaccorleykt@ucoz.com,Female,9072 Atwood Court,$337855.53,6/2/1951
615-99-4046,Flor,Waldron,fwaldronku@nationalgeographic.com,Female,748 Karstens Court,$267097.13,3/31/1967
213-34-0322,Dian,Chat,dchatkv@psu.edu,Female,95 Dahle Park,$212998.90,9/1/1981
412-55-7820,Evvie,Batchley,ebatchleykw@intel.com,Female,8899 Larry Center,$117108.58,10/13/1990
813-27-5993,Tades,Artz,tartzkx@blogspot.com,Male,466 Stang Drive,$261311.67,7/5/1953
350-73-8568,Melloney,Lackney,mlackneyky@weather.com,Female,6 Merry Avenue,$258715.46,6/9/1950
662-72-8953,Thayne,Kynge,tkyngekz@people.com.cn,Male,175 Barby Way,$338844.68,8/18/1972
786-50-0847,Franciskus,Clutterham,fclutterhaml0@uiuc.edu,Male,4590 8th Street,$98962.66,8/16/1977
479-35-6550,Merrily,Buckmaster,mbuckmasterl1@slate.com,Female,7 Johnson Way,$236372.37,4/14/1998
625-24-5257,Caro,Haine,chainel2@bigcartel.com,Female,8152 Elgar Pass,$348907.08,10/10/1971
660-45-3654,Ferdie,Gullen,fgullenl3@latimes.com,Male,830 Granby Lane,$107727.19,2/7/1990
559-06-0976,Eal,Tuckwood,etuckwoodl4@dagondesign.com,Male,4806 Thackeray Place,$372526.90,12/9/1959
828-39-8058,Wilona,Willows,wwillowsl5@blogger.com,Female,04 Westport Circle,$199289.20,9/24/1940
444-04-4289,Hamnet,Trousdale,htrousdalel6@gmpg.org,Male,94 Riverside Parkway,$65241.72,9/12/1995
628-79-1197,Tremain,Bartle,tbartlel7@twitpic.com,Male,8 Spohn Terrace,$15410.70,4/8/1995
708-99-8046,Kellie,Gobbett,kgobbettl8@zdnet.com,Female,801 Canary Circle,$269126.01,3/13/1947
656-91-9143,Elysia,Lawranson,elawransonl9@shinystat.com,Female,9674 Pearson Alley,$291670.55,2/8/1987
450-42-9627,Norbert,Prator,npratorla@google.ru,Male,84769 Springview Junction,$170361.05,5/22/1943
410-77-5310,Hector,Mitrovic,hmitroviclb@adobe.com,Male,894 Glendale Drive,$135705.47,4/27/1979
626-60-6171,Lynnett,Azema,lazemalc@theglobeandmail.com,Female,18 Hanover Pass,$300369.69,8/31/1944
824-16-8952,Myrlene,Musk,mmuskld@newsvine.com,Female,0198 Marcy Street,$335797.51,9/4/1995
311-07-2502,Wood,Kenafaque,wkenafaquele@topsy.com,Male,60 Pankratz Crossing,$243429.64,8/29/1970
805-03-2609,Beaufort,Senogles,bsenogleslf@ocn.ne.jp,Male,58229 Schurz Road,$170297.56,10/14/1983
530-98-5476,Gerardo,Tomaskov,gtomaskovlg@unesco.org,Male,136 Hayes Hill,$374334.68,3/4/1969
803-70-6085,Lolly,Tinston,ltinstonlh@wp.com,Female,59 Killdeer Plaza,$148234.16,3/17/1993
118-68-3233,Quintilla,Knutsen,qknutsenli@fda.gov,Female,4 Roth Point,$245493.84,2/7/1976
552-78-1724,Denver,Noto,dnotolj@utexas.edu,Male,35 Chive Circle,$125720.01,2/10/1950
493-34-1720,Isaac,McEnteggart,imcenteggartlk@devhub.com,Male,04 Oakridge Street,$211045.66,11/16/1958
419-48-6566,Clarice,Wayon,cwayonll@statcounter.com,Female,46 Tennessee Pass,$343901.36,8/10/1966
695-48-7423,Jeane,Filpi,jfilpilm@yelp.com,Female,5150 Village Terrace,$158291.97,10/3/1984
460-86-3041,Imelda,Greenshields,igreenshieldsln@behance.net,Female,21631 Evergreen Street,$155888.35,6/20/1984
144-30-7622,Alice,Langthorn,alangthornlo@gravatar.com,Female,47472 Eagle Crest Park,$204403.69,8/6/1967
595-97-5546,Vivienne,Rumens,vrumenslp@is.gd,Female,6929 Carioca Way,$77779.79,6/14/1988
674-47-0688,Hermann,Hammerberg,hhammerberglq@accuweather.com,Male,12822 Sachtjen Pass,$322019.28,12/27/1985
440-14-3482,Cate,Greve,cgrevelr@mashable.com,Female,30851 Ridgeway Junction,$236293.66,8/22/1962
438-15-1166,Sofia,Exley,sexleyls@vkontakte.ru,Female,162 Portage Crossing,$80612.96,6/15/1956
344-18-9729,Jennilee,Macbane,jmacbanelt@mozilla.com,Female,66397 Delladonna Avenue,$116550.92,3/13/1946
684-20-0031,Kelsi,Tompkinson,ktompkinsonlu@usa.gov,Female,3058 Golf Course Street,$376980.89,7/6/1982
528-86-6849,Maximilien,McCuis,mmccuislv@statcounter.com,Male,9903 Little Fleur Parkway,$190922.23,8/11/1946
851-39-3610,Palm,Minot,pminotlw@pinterest.com,Male,8 Bashford Trail,$327594.82,9/12/1986
201-82-8128,Ford,Hargess,fhargesslx@timesonline.co.uk,Male,1007 Bellgrove Pass,$359703.17,2/28/1970
897-94-4371,Avril,Livock,alivockly@nbcnews.com,Female,36536 Talmadge Alley,$45018.79,3/5/1943
615-58-5639,Nedi,Paolotto,npaolottolz@feedburner.com,Female,29 Basil Pass,$264697.35,4/27/1995
289-66-5922,Christos,Zukierman,czukiermanm0@dailymotion.com,Male,1 Oak Valley Terrace,$318951.57,5/12/1973
688-29-1887,Barnett,Grzelak,bgrzelakm1@cnet.com,Male,8297 Fuller Crossing,$9505.65,1/4/1982
593-72-7436,Bethina,Guesford,bguesfordm2@marketwatch.com,Female,89186 Lighthouse Bay Court,$334675.50,6/21/1951
257-26-1370,Alexandro,Dillow,adillowm3@paginegialle.it,Male,6 Springview Pass,$324524.09,12/27/1972
800-77-6652,Desmond,Copestick,dcopestickm4@posterous.com,Male,0010 Heath Terrace,$306199.11,8/5/1976
343-46-2966,Cullie,Prier,cprierm5@google.pl,Male,635 Sutherland Park,$171598.16,6/23/1990
836-33-5298,Wallis,Carruth,wcarruthm6@studiopress.com,Female,373 Loftsgordon Plaza,$208120.44,8/10/1961
825-57-0183,Dorolice,Tubble,dtubblem7@bizjournals.com,Female,1 Knutson Point,$244537.15,5/22/1977
689-46-7128,Quentin,McClintock,qmcclintockm8@bizjournals.com,Female,95893 South Trail,$169108.18,9/5/1993
525-63-4706,Frannie,Readwing,freadwingm9@xrea.com,Female,95745 Sundown Way,$31747.07,1/13/1949
670-28-8962,Aggy,Tutill,atutillma@1und1.de,Female,53358 Ohio Avenue,$11074.84,8/21/1946
189-64-0902,Clementius,Josephi,cjosephimb@un.org,Male,98955 Bonner Trail,$166179.45,11/23/1947
214-36-7814,Tome,Rochford,trochfordmc@chicagotribune.com,Male,5745 Gale Lane,$144074.10,6/21/1949
643-44-4659,Elli,Leipold,eleipoldmd@zimbio.com,Female,113 Larry Trail,$147145.90,8/12/1990
442-02-2450,Vaughn,Taber,vtaberme@va.gov,Male,0 Pennsylvania Junction,$229414.26,9/3/1941
541-33-9803,Tani,Gutsell,tgutsellmf@skyrock.com,Female,2 Ridgeview Road,$299506.67,8/25/1950
598-68-7739,Mala,Hussell,mhussellmg@nytimes.com,Female,64 Dovetail Court,$398852.39,12/9/1968
868-49-7817,Rudd,Warder,rwardermh@irs.gov,Male,61939 Lakewood Gardens Drive,$207299.02,7/20/1967
115-31-9134,Gaynor,Ambroise,gambroisemi@zdnet.com,Female,10 Donald Parkway,$255200.44,4/8/1948
242-79-4947,Trudie,Eaden,teadenmj@ft.com,Female,6708 Westridge Park,$103158.15,6/8/1948
613-02-3967,Romain,Milan,rmilanmk@parallels.com,Male,8728 Center Alley,$397342.66,11/9/1983
853-16-8412,Jobye,Allsupp,jallsuppml@economist.com,Female,8 Grasskamp Trail,$242017.63,9/7/1973
445-53-5511,Bayard,Cavnor,bcavnormm@slashdot.org,Male,8073 Forest Run Plaza,$77917.05,4/18/1987
188-45-2121,Marcos,Chatterton,mchattertonmn@imgur.com,Male,11 Mccormick Alley,$250631.42,8/29/1964
762-79-6045,Filberto,Wavish,fwavishmo@w3.org,Male,81499 Thompson Drive,$94870.76,11/26/1992
762-88-2802,Maxy,Wayvill,mwayvillmp@nasa.gov,Female,98835 Burrows Terrace,$314569.11,9/4/1994
672-74-3851,Marthena,Verring,mverringmq@dion.ne.jp,Female,4 Dennis Trail,$50432.99,4/30/1980
887-99-4811,Bernadene,Mapledoore,bmapledooremr@hugedomains.com,Female,25865 Melvin Junction,$196327.43,10/29/1958
725-97-1399,Bertram,Geke,bgekems@paginegialle.it,Male,1 Dunning Drive,$146878.06,9/15/1947
171-35-5502,Fonzie,Boyes,fboyesmt@tripod.com,Male,73409 Sachtjen Center,$341614.26,7/24/1983
197-27-4011,Haily,Galbraith,hgalbraithmu@t-online.de,Female,9 Farwell Crossing,$86431.24,8/13/1977
641-29-8518,Francois,Jakuszewski,fjakuszewskimv@epa.gov,Male,591 John Wall Avenue,$292933.98,9/20/1988
825-71-8172,Nertie,Weatherby,nweatherbymw@buzzfeed.com,Female,07214 Hallows Street,$166383.19,12/4/1981
243-93-0664,Janeen,Guillford,jguillfordmx@google.fr,Female,32 Moose Circle,$205180.96,11/11/1957
336-66-0346,Aubree,Viggers,aviggersmy@people.com.cn,Female,506 Dapin Park,$12603.00,4/16/1941
128-96-1301,Cherrita,Viner,cvinermz@fastcompany.com,Female,403 Pawling Avenue,$342489.77,6/8/1963
128-95-5183,Bernadina,Paver,bpavern0@samsung.com,Female,33236 Main Lane,$193471.74,11/11/1971
235-53-9192,Cad,Pendred,cpendredn1@shutterfly.com,Male,71778 Hovde Place,$138661.06,10/8/1979
888-44-4682,Brigitte,Silber,bsilbern2@themeforest.net,Female,4 Stuart Hill,$350409.54,5/20/1981
134-04-8795,Ralph,Surtees,rsurteesn3@artisteer.com,Male,797 Duke Circle,$235089.83,10/4/1945
750-67-8322,Scottie,Mandy,smandyn4@cmu.edu,Male,4 Superior Center,$46798.23,11/12/1984
722-15-5195,John,Faro,jfaron5@cbsnews.com,Male,98 Dottie Hill,$329538.05,3/13/1981
386-99-0698,Goddart,Sabben,gsabbenn6@uiuc.edu,Male,43 Summerview Junction,$88840.82,11/8/1944
549-74-1559,Janaya,Filpo,jfilpon7@moonfruit.com,Female,97 Forster Park,$40059.82,12/31/1943
710-99-0641,Carita,Bidnall,cbidnalln8@mac.com,Female,1 Corscot Pass,$113613.13,10/5/1972
719-81-8124,Myrtle,Weare,mwearen9@skype.com,Female,48090 La Follette Point,$109050.46,12/12/1954
714-84-7939,Prentiss,Walworth,pwalworthna@php.net,Male,0 Buell Crossing,$182365.31,4/3/1948
658-08-0351,Morton,Charnley,mcharnleynb@exblog.jp,Male,92323 Schmedeman Plaza,$218360.94,8/6/1964
413-75-4835,Kristi,Hayler,khaylernc@columbia.edu,Female,7619 8th Street,$227263.02,7/13/1984
403-53-8410,Jimmy,Gainsford,jgainsfordnd@usnews.com,Male,4 Waubesa Place,$99837.46,11/22/1955
612-56-0042,Hastie,Hunting,hhuntingne@go.com,Male,442 Quincy Trail,$96360.07,10/16/1983
739-03-4841,Chloette,Halse,chalsenf@storify.com,Female,189 Summerview Pass,$313691.50,6/30/1968
860-48-5913,Curtice,Diggar,cdiggarng@wix.com,Male,207 Sachtjen Terrace,$48465.68,1/21/1980
349-81-5222,Leroi,Lynskey,llynskeynh@blogspot.com,Male,6 Corry Lane,$288834.95,2/7/1947
594-89-1335,Doralynn,Guyon,dguyonni@jigsy.com,Female,62367 Vermont Junction,$107551.32,12/3/1954
430-61-9373,Nola,Trippack,ntrippacknj@mac.com,Female,120 Waubesa Terrace,$283886.86,12/26/1944
133-19-4043,Deane,Favelle,dfavellenk@delicious.com,Male,3337 Utah Way,$72914.02,8/30/1995
230-68-9284,Darn,Kincla,dkinclanl@cornell.edu,Male,220 Sugar Point,$344207.92,8/16/1965
769-70-3678,Alisa,Soar,asoarnm@globo.com,Female,47 Londonderry Lane,$307823.42,11/20/1966
227-79-0214,Stevie,MacElholm,smacelholmnn@topsy.com,Male,3432 Prairie Rose Road,$53176.06,2/19/1963
493-69-5975,Twila,Ivanin,tivaninno@ifeng.com,Female,6 Valley Edge Point,$341600.88,11/7/1992
332-40-8921,Gun,Gravatt,ggravattnp@forbes.com,Male,0859 Nancy Circle,$106024.32,8/14/1942
641-70-3778,Cathe,Lavens,clavensnq@guardian.co.uk,Female,9 Oxford Pass,$4524.38,3/26/1945
769-83-9080,Bartie,Stockport,bstockportnr@ft.com,Male,2204 Sachtjen Park,$221727.64,1/16/1978
886-16-6646,Lidia,Catmull,lcatmullns@marriott.com,Female,482 Arkansas Street,$8161.50,1/23/1993
246-25-5964,Evered,Douche,edouchent@utexas.edu,Male,29 Crowley Street,$196346.02,8/16/1981
825-15-6719,Haydon,Dent,hdentnu@marriott.com,Male,459 Browning Terrace,$51898.82,9/27/1985
620-16-2943,Maxi,Corner,mcornernv@webmd.com,Female,9554 Redwing Pass,$335205.61,8/17/1995
597-39-1915,Rosalinde,Vowell,rvowellnw@vk.com,Female,95 Dakota Street,$335131.25,10/24/1948
800-53-5404,Mei,Beddin,mbeddinnx@newyorker.com,Female,17510 Graedel Drive,$193067.37,11/11/1994
503-93-1931,Rachelle,Patmore,rpatmoreny@altervista.org,Female,1491 La Follette Terrace,$89656.23,3/10/1950
263-35-7057,Erie,Puttnam,eputtnamnz@forbes.com,Male,69 6th Crossing,$80506.26,4/28/1953
232-12-0044,Ariela,Jarmyn,ajarmyno0@thetimes.co.uk,Female,2821 Cottonwood Court,$263180.21,6/5/1989
260-74-0575,Harmony,Jobern,hjoberno1@people.com.cn,Female,51583 Spaight Trail,$292771.35,3/31/1989
446-03-9157,Stanton,Rugge,sruggeo2@networksolutions.com,Male,0 John Wall Alley,$265566.70,9/8/1942
826-17-8400,Evyn,Penella,epenellao3@nydailynews.com,Male,833 Parkside Circle,$311255.74,5/6/1954
149-12-8862,Rooney,Crutchley,rcrutchleyo4@blogspot.com,Male,338 Butterfield Lane,$119356.64,1/2/1986
616-12-0387,Concettina,Livermore,clivermoreo5@wix.com,Female,1 Upham Plaza,$329317.49,3/16/1944
746-35-1399,Darill,Cayley,dcayleyo6@squarespace.com,Male,55885 Delaware Alley,$43168.73,3/9/1944
527-85-3260,Lexy,Woolfitt,lwoolfitto7@dell.com,Female,95 Anderson Pass,$234195.31,12/1/1979
303-81-3267,Rancell,Meaking,rmeakingo8@fastcompany.com,Male,10515 Melvin Drive,$100531.73,10/11/1971
420-47-1102,Reeva,MacPhaden,rmacphadeno9@hubpages.com,Female,18 Lotheville Terrace,$224538.17,1/3/1951
376-54-1521,Dewey,Faust,dfaustoa@nationalgeographic.com,Male,41626 Sundown Way,$286232.62,10/19/1966
773-96-7307,Otis,Du Barry,odubarryob@nhs.uk,Male,58187 Jackson Parkway,$192810.80,1/21/1974
409-85-1801,Shana,Ratnege,sratnegeoc@ihg.com,Female,751 Forest Place,$214700.08,7/4/1995
817-23-4232,Leshia,Hellmore,lhellmoreod@bloglines.com,Female,5 Morning Drive,$369815.73,3/12/1976
789-59-3415,Rayshell,Coker,rcokeroe@gizmodo.com,Female,85 Darwin Circle,$373349.86,12/9/1977
461-12-3946,Cornelle,Parkins,cparkinsof@theglobeandmail.com,Female,4 Paget Crossing,$214313.95,1/17/1952
218-75-5373,Yehudi,Hubbis,yhubbisog@nydailynews.com,Male,4 Acker Center,$304345.46,8/18/1992
365-87-5095,Reinaldo,Cowgill,rcowgilloh@vinaora.com,Male,273 Cascade Avenue,$14347.45,7/23/1981
323-19-8437,Dorian,Whittenbury,dwhittenburyoi@oracle.com,Female,0732 Donald Crossing,$156491.92,5/3/1944
588-72-9905,Janette,Bryde,jbrydeoj@ovh.net,Female,64 Hudson Alley,$318553.04,8/8/1945
608-03-9235,Denna,Gellier,dgellierok@t-online.de,Female,651 Emmet Trail,$3209.98,5/3/1987
786-82-5489,Tris,Scotti,tscottiol@theguardian.com,Male,0 Lakewood Gardens Terrace,$246366.38,9/5/1943
833-68-3035,Pattie,Lehenmann,plehenmannom@zdnet.com,Male,349 Sutteridge Hill,$93319.44,10/25/1942
384-51-9625,Lilli,Verissimo,lverissimoon@goo.ne.jp,Female,402 Arizona Center,$76150.36,3/4/1996
188-67-7004,Francoise,MacMillan,fmacmillanoo@naver.com,Female,0200 Charing Cross Pass,$47844.54,9/1/1984
872-53-6793,Zuzana,Bobasch,zbobaschop@rambler.ru,Female,713 Summit Way,$249137.55,8/11/1941
773-13-6561,Clarence,Finney,cfinneyoq@engadget.com,Male,7 Glacier Hill Lane,$215414.84,6/19/1984
589-13-6595,Doralynne,Swadling,dswadlingor@marketwatch.com,Female,7 Muir Parkway,$15837.49,2/13/1961
294-61-0089,Isac,Coneron,iconeronos@skype.com,Male,4154 Vidon Crossing,$287180.39,8/12/1945
440-96-7454,Sarene,Allwood,sallwoodot@g.co,Female,8 Havey Trail,$213449.37,6/26/1983
341-84-3753,Baldwin,Trayford,btrayfordou@dropbox.com,Male,47 Evergreen Center,$290093.44,8/19/1996
811-46-6898,Jehu,Bickle,jbickleov@blogtalkradio.com,Male,3053 Orin Junction,$146733.03,6/7/1956
705-23-2045,Nataline,Gaylord,ngaylordow@livejournal.com,Female,83699 Saint Paul Street,$321616.39,8/11/1957
186-38-7791,Raina,Bache,rbacheox@google.pl,Female,29 Oneill Court,$259469.84,1/7/1942
730-05-2009,Andeee,Beedon,abeedonoy@wisc.edu,Female,171 Veith Court,$352255.05,9/24/1963
388-80-0858,Jewell,Di Biaggi,jdibiaggioz@squidoo.com,Female,75852 Fisk Drive,$177032.56,4/5/1992
211-89-1565,Putnem,Chern,pchernp0@4shared.com,Male,663 Harper Drive,$370464.58,7/9/1986
121-84-2538,Myca,Eustis,meustisp1@booking.com,Male,7 2nd Trail,$7295.82,5/11/1982
856-51-5802,Taffy,Curtayne,tcurtaynep2@sitemeter.com,Female,91400 Warner Lane,$146697.26,8/31/1995
143-74-6431,Yolane,Slavin,yslavinp3@amazonaws.com,Female,56 Sachtjen Drive,$397820.15,4/22/1964
675-48-6284,Doyle,Wardroper,dwardroperp4@hc360.com,Male,22360 Hoffman Plaza,$96324.90,9/26/1961
560-61-9830,Kathrine,Di Francesco,kdifrancescop5@rakuten.co.jp,Female,9012 Stone Corner Circle,$156756.92,4/29/1985
660-30-7244,Tomkin,Gludor,tgludorp6@wikia.com,Male,99213 Schlimgen Plaza,$339303.45,1/5/1968
739-78-1518,Clemmy,Dymocke,cdymockep7@samsung.com,Male,82 Waxwing Alley,$144687.96,1/19/1972
256-47-8643,Nickolaus,Firby,nfirbyp8@exblog.jp,Male,6506 Dovetail Plaza,$224647.68,8/5/1951
830-06-0603,Gaston,O'Geneay,gogeneayp9@dmoz.org,Male,15417 Mccormick Junction,$247809.11,2/5/1948
640-27-0784,Cordie,Cancelier,ccancelierpa@gizmodo.com,Male,37 Fairfield Way,$317153.79,3/22/1951
488-09-8497,Moises,Sysland,msyslandpb@illinois.edu,Male,08376 Pepper Wood Junction,$181001.01,7/30/1994
555-20-5478,Geoffrey,Adlington,gadlingtonpc@constantcontact.com,Male,09953 2nd Avenue,$189332.30,11/13/1981
620-36-1177,Amberly,Westman,awestmanpd@lulu.com,Female,78 Esch Place,$397389.70,1/7/1962
181-54-9230,Caitlin,Applin,capplinpe@omniture.com,Female,39504 Clemons Parkway,$117216.82,2/10/1991
564-03-8049,Amii,Matys,amatyspf@google.pl,Female,7 Burning Wood Hill,$42245.88,12/27/1995
132-74-5412,Fayette,Bortolozzi,fbortolozzipg@businesswire.com,Female,257 Roxbury Court,$173644.22,11/8/1996
667-19-3697,Sutherlan,Karppi,skarppiph@abc.net.au,Male,9555 Thackeray Plaza,$154566.37,7/4/1953
377-50-4629,Johnnie,Spurway,jspurwaypi@feedburner.com,Male,3 Village Road,$283509.75,4/10/1966
807-47-7002,Keelby,Tankin,ktankinpj@netlog.com,Male,77731 Prairieview Junction,$298512.33,8/7/1975
387-37-9542,Ransom,Fursse,rfurssepk@soup.io,Male,2 Susan Way,$340289.56,12/12/1959
438-37-6249,Maggie,De Laci,mdelacipl@harvard.edu,Female,477 Cardinal Alley,$202150.73,8/3/1989
762-15-3298,Janeva,Billin,jbillinpm@scientificamerican.com,Female,756 Burrows Park,$340197.34,1/2/1961
665-84-7524,Langsdon,Fanti,lfantipn@vk.com,Male,46738 Moulton Point,$263295.69,7/26/1971
660-42-1066,Cully,Eastridge,ceastridgepo@tripadvisor.com,Male,76 Leroy Road,$170871.01,12/19/1978
225-92-1466,Jean,Steinham,jsteinhampp@ox.ac.uk,Male,55 Thackeray Road,$331707.38,11/22/1992
889-38-9100,Mayne,Edmed,medmedpq@hostgator.com,Male,62877 Center Road,$167875.80,7/1/1989
844-88-6134,Erhart,Rubenfeld,erubenfeldpr@answers.com,Male,86 Upham Court,$330942.27,5/23/1995
297-49-3010,Marsh,Bonsale,mbonsaleps@oracle.com,Male,56 Spohn Plaza,$231320.34,10/15/1942
159-17-7886,Emilee,Pipet,epipetpt@yahoo.co.jp,Female,06298 Carioca Pass,$312585.19,10/25/1975
145-76-6001,Cyndi,Evens,cevenspu@facebook.com,Female,134 Havey Road,$13922.45,12/9/1947
455-17-4270,Evangelina,Mothersole,emothersolepv@pbs.org,Female,99 Corry Center,$376319.76,10/20/1941
694-88-9370,Aridatha,Stein,asteinpw@shop-pro.jp,Female,8 Northland Way,$186017.78,11/20/1954
156-20-0085,Rob,Ransbury,rransburypx@artisteer.com,Male,90 Dorton Crossing,$330821.45,9/12/1941
421-10-4191,Caye,Fransson,cfranssonpy@fema.gov,Female,2781 Comanche Terrace,$21522.02,3/19/1974
392-11-2664,Kerrin,Littlejohn,klittlejohnpz@live.com,Female,735 Main Trail,$33953.73,3/26/1990
117-24-2917,Edwina,Kenafaque,ekenafaqueq0@posterous.com,Female,405 Hoepker Alley,$345141.15,10/29/1987
645-98-2289,Nelson,Leates,nleatesq1@people.com.cn,Male,041 Ridgeway Hill,$397931.86,10/8/1959
324-96-0276,Blake,Gatecliffe,bgatecliffeq2@wp.com,Female,48 Eastwood Avenue,$114257.38,10/19/1970
223-54-5417,Horatio,Woolfenden,hwoolfendenq3@arstechnica.com,Male,68160 Hallows Drive,$254622.10,11/28/1985
689-81-3699,Bonny,Antognoni,bantognoniq4@dailymotion.com,Female,03 Kropf Plaza,$180533.64,3/16/1954
407-42-7510,Vaughn,Pasley,vpasleyq5@elegantthemes.com,Male,6 Ridge Oak Crossing,$255629.18,4/6/1940
533-86-8293,Davis,Harkin,dharkinq6@nytimes.com,Male,70840 Huxley Lane,$29721.39,4/9/1962
477-13-4718,Emmy,Frediani,efredianiq7@google.fr,Male,75277 Schlimgen Circle,$9066.44,7/27/1991
706-53-1831,Hyacinthie,Traite,htraiteq8@mail.ru,Female,6 Mallory Plaza,$45319.35,7/3/1979
133-37-8792,Ammamaria,Hesser,ahesserq9@cisco.com,Female,209 Clyde Gallagher Park,$309870.43,7/31/1942
771-05-7687,Myrah,McRonald,mmcronaldqa@berkeley.edu,Female,34 Mandrake Park,$376446.75,7/28/1964
351-60-0979,Dar,Theobalds,dtheobaldsqb@cornell.edu,Male,76049 Union Court,$20828.22,5/8/1954
830-48-6206,Fraser,Batchelor,fbatchelorqc@flavors.me,Male,4 Fisk Circle,$207957.56,8/28/1941
881-09-6521,Liza,Casseldine,lcasseldineqd@patch.com,Female,5 Beilfuss Crossing,$340559.37,1/25/1946
565-55-8487,Desiree,Haste,dhasteqe@purevolume.com,Female,6 Mccormick Pass,$343723.69,8/14/1961
774-88-1492,Judy,Dairton,jdairtonqf@constantcontact.com,Female,25 Victoria Court,$68537.62,3/29/1988
122-61-2283,Rabi,Goldup,rgoldupqg@dyndns.org,Male,161 Lighthouse Bay Drive,$187846.62,1/11/1954
336-53-5573,Diane-marie,Stoney,dstoneyqh@wikipedia.org,Female,657 Spohn Plaza,$329457.37,11/6/1989
811-44-1318,Rosaline,Arpur,rarpurqi@dailymotion.com,Female,66617 Graedel Terrace,$262861.71,7/26/1980
750-92-9592,Marlin,Liger,mligerqj@tripadvisor.com,Male,9029 Lillian Point,$142771.30,11/11/1994
522-02-9464,Yancey,Kolyagin,ykolyaginqk@google.com.au,Male,15 Lighthouse Bay Pass,$326366.06,3/31/1997
628-49-4986,Beitris,Chrichton,bchrichtonql@dailymail.co.uk,Female,27276 Schurz Lane,$77666.65,11/4/1941
190-86-6744,Arielle,McInility,amcinilityqm@nymag.com,Female,7606 Haas Circle,$98880.32,3/3/1997
145-46-5996,Silvanus,Kenwright,skenwrightqn@senate.gov,Male,726 Prentice Circle,$211794.20,12/16/1972
557-93-5212,Benny,Breem,bbreemqo@tinypic.com,Female,5 Toban Drive,$69408.10,10/27/1995
737-80-6451,Tymothy,Lithgow,tlithgowqp@spiegel.de,Male,814 Union Court,$296107.87,5/8/1976
566-29-9970,Sabina,Champneys,schampneysqq@dmoz.org,Female,42557 Muir Court,$361746.89,10/28/1940
185-25-8130,Valentine,McGiff,vmcgiffqr@nature.com,Female,2 Portage Alley,$21123.37,1/10/1997
630-35-6221,Micheline,Conelly,mconellyqs@cyberchimps.com,Female,147 Tennessee Pass,$6924.50,11/29/1961
634-60-6541,Siegfried,Kiltie,skiltieqt@nydailynews.com,Male,39565 Bluestem Road,$158591.89,1/17/1955
470-14-0608,Cassandra,Girhard,cgirhardqu@nytimes.com,Female,8 Harper Way,$334821.79,6/21/1940
377-55-1524,Herc,Gogerty,hgogertyqv@vkontakte.ru,Male,52266 Troy Place,$127385.32,10/1/1982
287-70-1277,Lyman,Moughtin,lmoughtinqw@google.nl,Male,9 Di Loreto Avenue,$315275.67,10/13/1957
567-05-7759,Brittaney,Larwell,blarwellqx@intel.com,Female,32 Memorial Trail,$170112.95,8/12/1991
637-87-1069,Carlen,Edgerly,cedgerlyqy@howstuffworks.com,Female,0119 Kennedy Center,$278279.05,9/25/1986
280-33-0553,Cheslie,Serrier,cserrierqz@sourceforge.net,Female,701 Homewood Parkway,$179785.75,11/5/1980
664-88-0337,Ambros,Whittaker,awhittakerr0@comsenz.com,Male,96 Holy Cross Terrace,$142085.24,4/28/1986
871-24-4070,Melonie,Glendining,mglendiningr1@trellian.com,Female,26 Ryan Trail,$375083.14,8/1/1989
506-56-0310,Ruprecht,McKeurton,rmckeurtonr2@storify.com,Male,0 South Road,$346113.53,7/6/1969
133-02-3012,Amity,Simonot,asimonotr3@rakuten.co.jp,Female,94 Meadow Vale Parkway,$13140.71,4/24/1994
201-59-3994,Skipper,Camings,scamingsr4@ca.gov,Male,14 Kipling Avenue,$370227.91,9/11/1972
893-28-4947,Niki,Marrows,nmarrowsr5@ebay.com,Female,62 Waxwing Place,$33905.23,2/14/1985
641-94-6751,Rhiamon,Meekings,rmeekingsr6@surveymonkey.com,Female,10 Crescent Oaks Circle,$186699.80,2/14/1974
741-88-7043,Alika,Mustoe,amustoer7@g.co,Female,830 Holmberg Circle,$106415.98,3/31/1967
629-97-6671,Monte,Whitsun,mwhitsunr8@nature.com,Male,18884 Park Meadow Park,$267076.66,4/16/1997
588-87-6693,Juanita,Quakley,jquakleyr9@weather.com,Female,7388 Reinke Avenue,$158268.59,9/3/1944
737-32-6317,Ravi,Pergens,rpergensra@webeden.co.uk,Male,931 Fairview Trail,$58018.09,3/29/1947
689-72-2856,Derwin,Di Biasi,ddibiasirb@free.fr,Male,91 Debra Way,$297132.57,7/31/1990
235-92-7895,Corney,Hopfner,chopfnerrc@discuz.net,Male,306 Barnett Place,$236986.94,12/13/1950
742-84-6751,Livvie,Giannazzo,lgiannazzord@salon.com,Female,75462 Di Loreto Road,$11531.84,11/2/1988
146-91-1459,Micaela,Sutliff,msutliffre@thetimes.co.uk,Female,57 Roxbury Crossing,$65270.38,9/1/1955
823-29-6777,Dewie,Pitman,dpitmanrf@va.gov,Male,6 Declaration Drive,$308082.29,1/17/1960
259-20-9945,Wilmette,Lymer,wlymerrg@loc.gov,Female,3466 Debs Lane,$98966.66,12/13/1943
276-17-4585,Oliviero,Meus,omeusrh@fc2.com,Male,891 Gulseth Junction,$391837.11,3/17/1971
883-95-9644,Cameron,Crowden,ccrowdenri@arizona.edu,Male,76 Pawling Drive,$172158.89,1/30/1957
469-50-5895,Noelle,Piggot,npiggotrj@umich.edu,Female,8 Westerfield Plaza,$168968.08,12/5/1948
103-47-0492,Herta,Cunradi,hcunradirk@biglobe.ne.jp,Female,5389 Hermina Avenue,$295260.82,12/18/1950
381-78-5707,Dougy,Vero,dverorl@cnet.com,Male,90 Bayside Hill,$250899.97,2/3/1945
304-30-5842,Blithe,Mitchley,bmitchleyrm@pcworld.com,Female,91 Truax Lane,$350637.57,9/27/1946
766-73-0481,Mariam,Crichmer,mcrichmerrn@last.fm,Female,67 Cambridge Hill,$133496.86,5/3/1991
176-68-9337,Elna,Boulde,ebouldero@google.fr,Female,0 Pine View Trail,$123064.55,9/3/1952
354-24-3990,Noe,Cellone,ncellonerp@cdbaby.com,Male,120 Golf View Circle,$9992.28,3/6/1954
204-06-6915,Caroline,Solway,csolwayrq@tamu.edu,Female,19 Glacier Hill Terrace,$125885.94,3/19/1968
366-84-4278,Cam,Poyser,cpoyserrr@wp.com,Female,9 Montana Hill,$324121.51,2/21/1971
