ssn,first_name,last_name,email,gender,address,income,birth_date
262-90-5685,Andrea,MacSharry,amacsharry0@whitehouse.gov,Male,127 3rd Parkway,$67706.10,9/18/1964
581-94-1487,Netti,Saulter,nsaulter1@altervista.org,Female,8964 Dorton Court,$251893.33,9/9/1995
596-48-5259,Aldo,Wilce,awilce2@mail.ru,Male,84431 Doe Crossing Hill,$8039.12,5/9/1978
889-71-6717,Rand,McKinlay,rmckinlay3@independent.co.uk,Male,55172 Park Meadow Terrace,$251421.54,10/31/1943
793-90-8736,Oates,MacGinley,omacginley4@bloglines.com,Male,58131 Meadow Valley Plaza,$253789.11,2/26/1955
897-89-5200,Nanette,Bascomb,nbascomb5@tumblr.com,Female,06 Parkside Hill,$317552.39,8/6/1992
118-13-8939,Harold,Kenworthy,hkenworthy6@mail.ru,Male,07 Prairie Rose Circle,$231021.82,6/13/1971
533-23-0318,Grethel,Krienke,gkrienke7@joomla.org,Female,02 Waywood Lane,$325134.85,7/2/1965
137-10-7358,Gertrud,O'Doherty,godoherty8@reference.com,Female,8022 Rigney Parkway,$328239.06,12/1/1975
706-44-6706,Pamelina,Coley,pcoley9@admin.ch,Female,324 Burning Wood Road,$309788.67,9/11/1950
751-57-0969,Celina,McCritchie,cmccritchiea@blogger.com,Female,98344 Leroy Way,$298678.43,8/11/1963
397-80-8693,Keelby,Weir,kweirb@tuttocitta.it,Male,46442 Corben Road,$245301.76,2/25/1981
496-46-9582,Dania,Potell,dpotellc@51.la,Female,7072 Dottie Place,$136287.68,2/13/1947
674-90-1117,Irwin,Neild,ineildd@comcast.net,Male,947 Village Green Way,$143822.90,2/2/1994
414-27-0003,Patty,Urquhart,purquharte@blog.com,Male,90864 Meadow Ridge Alley,$79550.23,8/3/1977
580-07-8447,Noll,Verecker,nvereckerf@cpanel.net,Male,65684 Mitchell Drive,$159916.28,4/7/1964
387-60-5304,Ker,Cleere,kcleereg@google.de,Male,96 Reinke Plaza,$306929.76,8/21/1975
767-50-0529,Carmella,Holtaway,choltawayh@omniture.com,Female,11358 Heath Drive,$269016.24,1/22/1960
299-70-2712,Tessa,Hurl,thurli@creativecommons.org,Female,473 Sherman Terrace,$72405.65,8/31/1992
147-59-8051,Juliet,Donaway,jdonawayj@marriott.com,Female,58745 Algoma Plaza,$136016.01,10/18/1954
130-79-8835,Mandi,Idle,midlek@mail.ru,Female,9 Arizona Court,$282476.75,6/8/1993
884-21-9461,Deloris,Charke,dcharkel@bing.com,Female,9602 Kennedy Drive,$252421.56,6/16/1998
699-06-8200,Cullin,Hamley,chamleym@auda.org.au,Male,99 Blackbird Trail,$203751.28,7/17/1966
511-85-7545,Evvie,Hynde,ehynden@webmd.com,Female,8 Spaight Center,$47501.53,3/26/1985
854-14-5538,Hillary,Gheorghescu,hgheorghescuo@noaa.gov,Male,01 Heffernan Street,$196209.72,2/23/1982
172-92-6436,Pattin,Sancias,psanciasp@go.com,Male,4 Derek Alley,$119946.52,10/22/1955
277-96-5773,Werner,Farlamb,wfarlambq@taobao.com,Male,1 Grover Center,$254937.95,3/27/1992
439-31-3288,Roberto,Staning,rstaningr@exblog.jp,Male,3856 Elka Street,$10817.14,11/16/1953
121-28-1901,Noelle,Pechan,npechans@sourceforge.net,Female,33 Johnson Road,$65729.25,10/21/1973
596-32-4039,Salmon,Shute,sshutet@answers.com,Male,8963 Hintze Drive,$5072.47,9/14/1976
440-51-1891,Griffin,Klimmek,gklimmeku@who.int,Male,7114 Summer Ridge Hill,$327364.04,3/26/1972
825-72-2133,Hector,Lyard,hlyardv@delicious.com,Male,4474 Hanson Alley,$265186.76,3/29/1956
141-68-2772,Pall,Tregian,ptregianw@vk.com,Male,85 Northview Trail,$177972.51,2/6/1979
204-30-6207,Tanner,Waumsley,twaumsleyx@cloudflare.com,Male,90350 Grayhawk Hill,$85898.25,11/2/1959
144-88-4499,Cindi,Croxon,ccroxony@answers.com,Female,8 Sutteridge Circle,$267253.93,4/29/1980
100-24-3220,Gabie,Simpkiss,gsimpkissz@bravesites.com,Female,4 Fremont Junction,$38421.40,2/10/1988
320-26-8285,Norris,Cockran,ncockran10@github.io,Male,6894 Garrison Park,$156409.28,3/19/1975
529-66-8238,Nerissa,Hancox,nhancox11@nationalgeographic.com,Female,06 Vera Street,$91170.93,3/22/1992
186-33-3970,Mahalia,Tomini,mtomini12@discuz.net,Female,78397 Schmedeman Street,$155073.61,1/9/1975
841-13-8877,Jsandye,Grenshiels,jgrenshiels13@ehow.com,Female,17 Springs Drive,$40694.05,8/3/1965
